0.0,0,0.0,g
0.0,1,0.02,g
0.0,2,0.0,g
0.0,3,0.0,g
0.0,4,0.0,g
0.0,5,0.0,g
0.0,6,0.0,g
0.0,7,0.0,g
0.0,8,0.0,g
0.0,9,0.0,g
0.0,10,0.0,g
0.0,11,0.0,g
0.2,12,0.04,r
0.0,13,0.02,g
0.0,14,0.0,g
0.2,15,0.05,r
0.0,16,0.0,g
0.0,17,0.0,g
0.2,18,0.01,r
0.0,19,0.0,g
0.0,20,0.0,g
0.0,21,0.0,g
0.0,22,0.0,g
0.0,23,0.0,g
0.0,24,0.01,g
0.0,25,0.03,g
0.0,26,0.0,g
0.0,27,0.0,g
0.0,28,0.01,g
0.0,29,0.0,g
0.0,30,0.0,g
0.0,31,0.0,g
0.2,32,0.03,r
0.0,33,0.01,g
0.0,34,0.0,g
0.0,35,0.0,g
0.0,36,0.0,g
0.0,37,0.0,g
0.0,38,0.0,g
0.0,39,0.0,g
0.0,40,0.0,g
0.0,41,0.0,g
0.0,42,0.02,g
0.0,43,0.0,g
0.0,44,0.0,g
0.0,45,0.0,g
0.0,46,0.0,g
0.0,47,0.0,g
0.0,48,0.0,g
0.0,49,0.0,g
0.0,50,0.0,g
0.0,51,0.0,g
0.0,52,0.0,g
0.0,53,0.02,g
0.0,54,0.0,g
0.0,55,0.0,g
0.0,56,0.0,g
0.2,57,0.03,r
0.0,58,0.01,g
0.0,59,0.0,g
0.0,60,0.0,g
0.0,61,0.0,g
0.0,62,0.01,g
0.0,63,0.01,g
0.0,64,0.0,g
0.0,65,0.0,g
0.0,66,0.0,g
0.2,67,0.03,r
0.2,68,0.02,r
0.0,69,0.01,g
0.0,70,0.0,g
0.0,71,0.0,g
0.0,72,0.0,g
0.0,73,0.0,g
0.0,74,0.0,g
0.0,75,0.0,g
0.0,76,0.0,g
0.2,77,0.11,r
0.0,78,0.0,g
0.0,79,0.0,g
0.0,80,0.0,g
0.0,81,0.0,g
0.0,82,0.01,g
0.0,83,0.0,g
0.0,84,0.01,g
0.2,85,0.02,r
0.0,86,0.0,g
0.0,87,0.0,g
0.0,88,0.0,g
0.0,89,0.0,g
0.0,90,0.0,g
0.2,91,0.15,r
0.0,92,0.0,g
0.0,93,0.0,g
0.0,94,0.0,g
0.0,95,0.0,g
0.2,96,0.0,r
0.0,97,0.01,g
0.0,98,0.0,g
0.0,99,0.03,g
0.0,100,0.0,g
0.0,101,0.0,g
0.0,102,0.0,g
0.0,103,0.0,g
0.0,104,0.08,g
0.0,105,0.0,g
0.0,106,0.0,g
0.0,107,0.0,g
0.0,108,0.0,g
0.0,109,0.0,g
0.0,110,0.01,g
0.0,111,0.0,g
0.0,112,0.01,g
0.0,113,0.0,g
0.0,114,0.03,g
0.0,115,0.0,g
0.0,116,0.0,g
0.0,117,0.0,g
0.0,118,0.0,g
0.0,119,0.0,g
0.0,120,0.07,g
0.0,121,0.01,g
0.0,122,0.0,g
0.0,123,0.0,g
0.0,124,0.01,g
0.0,125,0.0,g
0.0,126,0.0,g
0.0,127,0.0,g
0.0,128,0.0,g
0.0,129,0.0,g
0.0,130,0.0,g
0.0,131,0.0,g
0.0,132,0.01,g
0.0,133,0.0,g
0.0,134,0.0,g
0.0,135,0.0,g
0.0,136,0.0,g
0.0,137,0.0,g
0.0,138,0.0,g
0.0,139,0.0,g
0.0,140,0.01,g
0.0,141,0.0,g
0.0,142,0.0,g
0.0,143,0.02,g
0.0,144,0.0,g
0.0,145,0.0,g
0.0,146,0.0,g
0.0,147,0.0,g
0.0,148,0.0,g
0.0,149,0.0,g
0.0,150,0.0,g
0.0,151,0.0,g
0.0,152,0.0,g
0.0,153,0.0,g
0.0,154,0.01,g
0.0,155,0.0,g
0.0,156,0.0,g
0.0,157,0.02,g
0.0,158,0.0,g
0.2,159,0.02,r
0.0,160,0.0,g
0.0,161,0.0,g
0.0,162,0.0,g
0.0,163,0.0,g
0.0,164,0.0,g
0.0,165,0.0,g
0.0,166,0.0,g
0.0,167,0.0,g
0.0,168,0.0,g
0.0,169,0.0,g
0.0,170,0.02,g
0.0,171,0.0,g
0.0,172,0.0,g
0.0,173,0.0,g
0.0,174,0.0,g
0.0,175,0.0,g
0.0,176,0.0,g
0.0,177,0.01,g
0.0,178,0.0,g
0.0,179,0.0,g
0.0,180,0.0,g
0.0,181,0.0,g
0.0,182,0.0,g
0.0,183,0.0,g
0.0,184,0.0,g
0.0,185,0.01,g
0.0,186,0.01,g
0.0,187,0.01,g
0.0,188,0.0,g
0.0,189,0.0,g
0.0,190,0.0,g
0.0,191,0.0,g
0.0,192,0.0,g
0.0,193,0.0,g
0.0,194,0.0,g
0.0,195,0.0,g
0.0,196,0.01,g
0.0,197,0.0,g
0.0,198,0.0,g
0.0,199,0.0,g
0.0,200,0.0,g
0.0,201,0.0,g
0.0,202,0.0,g
0.0,203,0.0,g
0.0,204,0.0,g
0.0,205,0.0,g
0.0,206,0.0,g
0.0,207,0.0,g
0.0,208,0.0,g
0.0,209,0.0,g
0.0,210,0.0,g
0.0,211,0.0,g
0.0,212,0.01,g
0.0,213,0.0,g
0.0,214,0.0,g
0.0,215,0.01,g
0.0,216,0.0,g
0.0,217,0.05,g
0.0,218,0.0,g
0.0,219,0.0,g
0.0,220,0.0,g
0.0,221,0.0,g
0.0,222,0.01,g
0.0,223,0.0,g
0.0,224,0.0,g
0.0,225,0.0,g
0.0,226,0.0,g
0.0,227,0.0,g
0.0,228,0.01,g
0.0,229,0.0,g
0.0,230,0.0,g
0.0,231,0.0,g
0.0,232,0.0,g
0.0,233,0.0,g
0.0,234,0.0,g
0.0,235,0.0,g
0.0,236,0.0,g
0.0,237,0.0,g
0.0,238,0.0,g
0.0,239,0.0,g
0.0,240,0.0,g
0.0,241,0.0,g
0.0,242,0.0,g
0.0,243,0.0,g
0.0,244,0.0,g
0.0,245,0.0,g
0.0,246,0.0,g
0.0,247,0.0,g
0.0,248,0.0,g
0.2,249,0.02,r
0.0,250,0.0,g
0.0,251,0.02,g
0.0,252,0.0,g
0.0,253,0.03,g
0.0,254,0.0,g
0.0,255,0.0,g
0.0,256,0.0,g
0.0,257,0.0,g
0.0,258,0.0,g
0.0,259,0.02,g
0.0,260,0.0,g
0.0,261,0.0,g
0.0,262,0.0,g
0.0,263,0.0,g
0.0,264,0.0,g
0.0,265,0.0,g
0.0,266,0.0,g
0.0,267,0.0,g
0.0,268,0.01,g
0.0,269,0.0,g
0.0,270,0.0,g
0.0,271,0.0,g
0.0,272,0.0,g
0.0,273,0.0,g
0.0,274,0.0,g
0.0,275,0.0,g
0.0,276,0.0,g
0.0,277,0.0,g
0.0,278,0.0,g
0.0,279,0.0,g
0.0,280,0.0,g
0.0,281,0.0,g
0.0,282,0.0,g
0.0,283,0.0,g
0.0,284,0.0,g
0.0,285,0.0,g
0.0,286,0.0,g
0.0,287,0.0,g
0.0,288,0.0,g
0.0,289,0.0,g
0.0,290,0.0,g
0.0,291,0.0,g
0.0,292,0.01,g
0.0,293,0.01,g
0.0,294,0.0,g
0.0,295,0.0,g
0.0,296,0.0,g
0.0,297,0.0,g
0.0,298,0.0,g
0.0,299,0.0,g
0.0,300,0.0,g
0.0,301,0.0,g
0.0,302,0.15,g
0.0,303,0.0,g
0.0,304,0.0,g
0.0,305,0.0,g
0.0,306,0.0,g
0.0,307,0.0,g
0.0,308,0.0,g
0.0,309,0.0,g
0.0,310,0.0,g
0.0,311,0.0,g
0.0,312,0.0,g
0.0,313,0.0,g
0.0,314,0.0,g
0.0,315,0.0,g
0.0,316,0.0,g
0.0,317,0.0,g
0.0,318,0.0,g
0.0,319,0.0,g
0.0,320,0.01,g
0.0,321,0.0,g
0.0,322,0.0,g
0.0,323,0.0,g
0.0,324,0.03,g
0.0,325,0.0,g
0.0,326,0.0,g
0.0,327,0.0,g
0.0,328,0.01,g
0.0,329,0.02,g
0.0,330,0.0,g
0.0,331,0.0,g
0.0,332,0.01,g
0.0,333,0.0,g
0.0,334,0.0,g
0.0,335,0.0,g
0.2,336,0.22,r
0.0,337,0.0,g
0.0,338,0.0,g
0.0,339,0.0,g
0.0,340,0.0,g
0.0,341,0.04,g
0.2,342,0.0,r
0.0,343,0.0,g
0.2,344,0.08,r
0.0,345,0.05,g
0.0,346,0.0,g
0.0,347,0.0,g
0.0,348,0.08,g
0.0,349,0.0,g
0.0,350,0.0,g
0.0,351,0.0,g
0.0,352,0.0,g
0.0,353,0.02,g
0.0,354,0.0,g
0.0,355,0.06,g
0.0,356,0.03,g
0.0,357,0.0,g
0.0,358,0.0,g
0.0,359,0.0,g
0.0,360,0.0,g
0.0,361,0.0,g
0.0,362,0.0,g
0.0,363,0.0,g
0.0,364,0.0,g
0.0,365,0.0,g
0.0,366,0.0,g
0.0,367,0.0,g
0.0,368,0.0,g
0.0,369,0.0,g
0.0,370,0.0,g
0.0,371,0.0,g
0.0,372,0.0,g
0.0,373,0.0,g
0.0,374,0.0,g
0.0,375,0.0,g
0.0,376,0.0,g
0.2,377,0.01,r
0.0,378,0.0,g
0.0,379,0.0,g
0.0,380,0.0,g
0.0,381,0.0,g
0.0,382,0.02,g
0.0,383,0.0,g
0.0,384,0.02,g
0.0,385,0.01,g
0.0,386,0.0,g
0.0,387,0.0,g
0.0,388,0.0,g
0.0,389,0.01,g
0.2,390,0.03,r
0.0,391,0.0,g
0.0,392,0.0,g
0.0,393,0.0,g
0.0,394,0.01,g
0.0,395,0.0,g
0.0,396,0.0,g
0.0,397,0.0,g
0.0,398,0.0,g
0.0,399,0.0,g
0.0,400,0.0,g
0.0,401,0.0,g
0.0,402,0.0,g
0.0,403,0.0,g
0.0,404,0.0,g
0.0,405,0.0,g
0.0,406,0.01,g
0.0,407,0.0,g
0.0,408,0.05,g
0.0,409,0.0,g
0.0,410,0.0,g
0.0,411,0.0,g
0.0,412,0.0,g
0.0,413,0.0,g
0.2,414,0.11,r
0.0,415,0.07,g
0.0,416,0.0,g
0.0,417,0.0,g
0.0,418,0.0,g
0.0,419,0.0,g
0.2,420,0.23,r
0.0,421,0.01,g
0.0,422,0.01,g
0.0,423,0.0,g
0.0,424,0.0,g
0.0,425,0.0,g
0.0,426,0.0,g
0.0,427,0.0,g
0.0,428,0.0,g
0.0,429,0.0,g
0.0,430,0.0,g
0.0,431,0.0,g
0.0,432,0.0,g
0.0,433,0.0,g
0.0,434,0.0,g
0.0,435,0.01,g
0.0,436,0.0,g
0.0,437,0.0,g
0.0,438,0.0,g
0.0,439,0.01,g
0.0,440,0.0,g
0.0,441,0.0,g
0.0,442,0.0,g
0.0,443,0.0,g
0.0,444,0.0,g
0.0,445,0.0,g
0.0,446,0.0,g
0.0,447,0.0,g
0.0,448,0.0,g
0.0,449,0.0,g
0.0,450,0.0,g
0.0,451,0.0,g
0.0,452,0.0,g
0.0,453,0.02,g
0.0,454,0.0,g
0.0,455,0.0,g
0.0,456,0.0,g
0.0,457,0.0,g
0.0,458,0.0,g
0.0,459,0.01,g
0.0,460,0.01,g
0.0,461,0.0,g
0.0,462,0.0,g
0.2,463,0.01,r
0.0,464,0.0,g
0.0,465,0.0,g
0.0,466,0.05,g
0.0,467,0.0,g
0.0,468,0.0,g
0.0,469,0.0,g
0.0,470,0.0,g
0.0,471,0.0,g
0.0,472,0.0,g
0.0,473,0.01,g
0.0,474,0.0,g
0.0,475,0.0,g
0.0,476,0.0,g
0.0,477,0.0,g
0.0,478,0.0,g
0.0,479,0.0,g
0.0,480,0.0,g
0.0,481,0.0,g
0.0,482,0.0,g
0.0,483,0.0,g
0.0,484,0.0,g
0.0,485,0.16,g
0.0,486,0.0,g
0.0,487,0.0,g
0.0,488,0.0,g
0.0,489,0.0,g
0.0,490,0.0,g
0.0,491,0.0,g
0.0,492,0.0,g
0.0,493,0.0,g
0.0,494,0.0,g
0.0,495,0.0,g
0.0,496,0.0,g
0.0,497,0.0,g
0.0,498,0.04,g
0.0,499,0.0,g
0.0,500,0.0,g
0.0,501,0.01,g
0.0,502,0.0,g
0.0,503,0.0,g
0.0,504,0.0,g
0.0,505,0.01,g
0.0,506,0.0,g
0.0,507,0.0,g
0.0,508,0.0,g
0.0,509,0.0,g
0.0,510,0.04,g
0.0,511,0.0,g
0.0,512,0.0,g
0.0,513,0.0,g
0.0,514,0.0,g
0.0,515,0.0,g
0.0,516,0.0,g
0.0,517,0.0,g
0.0,518,0.01,g
0.0,519,0.0,g
0.0,520,0.0,g
0.0,521,0.0,g
0.0,522,0.01,g
0.0,523,0.0,g
0.0,524,0.0,g
0.0,525,0.01,g
0.0,526,0.0,g
0.0,527,0.0,g
0.0,528,0.0,g
0.0,529,0.0,g
0.0,530,0.0,g
0.0,531,0.0,g
0.0,532,0.0,g
0.0,533,0.0,g
0.0,534,0.03,g
0.0,535,0.01,g
0.0,536,0.0,g
0.0,537,0.0,g
0.0,538,0.0,g
0.0,539,0.0,g
0.0,540,0.0,g
0.0,541,0.02,g
0.0,542,0.0,g
0.0,543,0.0,g
0.0,544,0.0,g
0.0,545,0.0,g
0.0,546,0.0,g
0.0,547,0.0,g
0.0,548,0.0,g
0.0,549,0.0,g
0.0,550,0.0,g
0.0,551,0.0,g
0.0,552,0.01,g
0.2,553,0.02,r
0.0,554,0.0,g
0.0,555,0.01,g
0.0,556,0.0,g
0.0,557,0.01,g
0.0,558,0.0,g
0.0,559,0.0,g
0.0,560,0.0,g
0.0,561,0.0,g
0.0,562,0.0,g
0.0,563,0.0,g
0.0,564,0.01,g
0.0,565,0.0,g
0.0,566,0.0,g
0.0,567,0.0,g
0.0,568,0.0,g
0.0,569,0.0,g
0.0,570,0.0,g
0.0,571,0.0,g
0.0,572,0.0,g
0.0,573,0.0,g
0.0,574,0.03,g
0.0,575,0.01,g
0.0,576,0.01,g
0.0,577,0.0,g
0.0,578,0.0,g
0.0,579,0.01,g
0.0,580,0.0,g
0.0,581,0.0,g
0.0,582,0.0,g
0.0,583,0.01,g
0.0,584,0.0,g
0.0,585,0.0,g
0.0,586,0.0,g
0.0,587,0.0,g
0.0,588,0.0,g
0.0,589,0.0,g
0.0,590,0.01,g
0.0,591,0.0,g
0.0,592,0.0,g
0.0,593,0.0,g
0.0,594,0.03,g
0.0,595,0.01,g
0.0,596,0.0,g
0.0,597,0.0,g
0.0,598,0.0,g
0.0,599,0.0,g
0.0,600,0.0,g
0.0,601,0.01,g
0.0,602,0.01,g
0.0,603,0.0,g
0.0,604,0.0,g
0.0,605,0.0,g
0.0,606,0.0,g
0.0,607,0.01,g
0.0,608,0.0,g
0.0,609,0.0,g
0.0,610,0.0,g
0.0,611,0.03,g
0.0,612,0.0,g
0.0,613,0.0,g
0.0,614,0.0,g
0.0,615,0.0,g
0.0,616,0.0,g
0.0,617,0.0,g
0.0,618,0.0,g
0.0,619,0.0,g
0.0,620,0.0,g
0.0,621,0.0,g
0.0,622,0.0,g
0.0,623,0.0,g
0.0,624,0.01,g
0.0,625,0.0,g
0.0,626,0.02,g
0.0,627,0.0,g
0.0,628,0.0,g
0.0,629,0.0,g
0.0,630,0.0,g
0.0,631,0.0,g
0.0,632,0.0,g
0.0,633,0.0,g
0.0,634,0.0,g
0.0,635,0.0,g
0.0,636,0.01,g
0.0,637,0.0,g
0.0,638,0.0,g
0.0,639,0.0,g
0.0,640,0.0,g
0.0,641,0.0,g
0.0,642,0.0,g
0.0,643,0.01,g
0.0,644,0.02,g
0.0,645,0.0,g
0.0,646,0.21,g
0.0,647,0.0,g
0.0,648,0.0,g
0.0,649,0.0,g
0.0,650,0.0,g
0.0,651,0.0,g
0.0,652,0.01,g
0.0,653,0.0,g
0.0,654,0.01,g
0.0,655,0.0,g
0.0,656,0.01,g
0.0,657,0.0,g
0.0,658,0.0,g
0.0,659,0.0,g
0.0,660,0.0,g
0.0,661,0.0,g
0.0,662,0.03,g
0.0,663,0.0,g
0.0,664,0.01,g
0.0,665,0.0,g
0.0,666,0.01,g
0.0,667,0.01,g
0.0,668,0.0,g
0.0,669,0.0,g
0.0,670,0.0,g
0.0,671,0.0,g
0.0,672,0.0,g
0.0,673,0.0,g
0.0,674,0.0,g
0.0,675,0.0,g
0.0,676,0.0,g
0.0,677,0.0,g
0.0,678,0.0,g
0.0,679,0.0,g
0.0,680,0.0,g
0.0,681,0.0,g
0.0,682,0.01,g
0.0,683,0.0,g
0.0,684,0.0,g
0.0,685,0.0,g
0.0,686,0.0,g
0.0,687,0.0,g
0.0,688,0.0,g
0.0,689,0.01,g
0.0,690,0.0,g
0.0,691,0.0,g
0.0,692,0.0,g
0.0,693,0.0,g
0.0,694,0.0,g
0.2,695,0.06,r
0.0,696,0.0,g
0.0,697,0.0,g
0.0,698,0.0,g
0.0,699,0.0,g
0.0,700,0.0,g
0.0,701,0.01,g
0.0,702,0.0,g
0.0,703,0.0,g
0.0,704,0.0,g
0.0,705,0.0,g
0.0,706,0.0,g
0.0,707,0.0,g
0.0,708,0.01,g
0.0,709,0.0,g
0.0,710,0.0,g
0.0,711,0.0,g
0.2,712,0.02,r
0.0,713,0.0,g
0.0,714,0.0,g
0.0,715,0.0,g
0.0,716,0.0,g
0.0,717,0.02,g
0.0,718,0.0,g
0.0,719,0.0,g
0.2,720,0.0,r
0.0,721,0.01,g
0.0,722,0.0,g
0.0,723,0.0,g
0.0,724,0.0,g
0.0,725,0.0,g
0.0,726,0.0,g
0.0,727,0.0,g
0.0,728,0.01,g
0.0,729,0.0,g
0.0,730,0.0,g
0.0,731,0.0,g
0.0,732,0.0,g
0.0,733,0.0,g
0.0,734,0.0,g
0.0,735,0.0,g
0.0,736,0.0,g
0.0,737,0.0,g
0.0,738,0.0,g
0.0,739,0.0,g
0.0,740,0.0,g
0.0,741,0.0,g
0.0,742,0.0,g
0.0,743,0.0,g
0.0,744,0.0,g
0.0,745,0.0,g
0.0,746,0.0,g
0.0,747,0.02,g
0.0,748,0.0,g
0.0,749,0.0,g
0.0,750,0.0,g
0.0,751,0.0,g
0.0,752,0.0,g
0.0,753,0.0,g
0.0,754,0.0,g
0.0,755,0.0,g
0.0,756,0.0,g
0.0,757,0.0,g
0.2,758,0.0,r
0.0,759,0.01,g
0.0,760,0.0,g
0.0,761,0.0,g
0.0,762,0.0,g
0.0,763,0.0,g
0.0,764,0.0,g
0.0,765,0.0,g
0.0,766,0.0,g
0.0,767,0.0,g
0.0,768,0.01,g
0.0,769,0.01,g
0.0,770,0.0,g
0.0,771,0.01,g
0.0,772,0.0,g
0.0,773,0.0,g
0.0,774,0.0,g
0.0,775,0.0,g
0.0,776,0.0,g
0.0,777,0.0,g
0.0,778,0.0,g
0.0,779,0.0,g
0.0,780,0.0,g
0.0,781,0.0,g
0.0,782,0.0,g
0.0,783,0.0,g
0.0,784,0.0,g
0.0,785,0.0,g
0.0,786,0.0,g
0.0,787,0.02,g
0.0,788,0.0,g
0.0,789,0.0,g
0.2,790,0.04,r
0.0,791,0.0,g
0.0,792,0.0,g
0.0,793,0.0,g
0.0,794,0.0,g
0.0,795,0.0,g
0.0,796,0.0,g
0.0,797,0.0,g
0.0,798,0.0,g
0.0,799,0.0,g
0.0,800,0.01,g
0.0,801,0.0,g
0.0,802,0.0,g
0.0,803,0.0,g
0.0,804,0.0,g
0.0,805,0.0,g
0.0,806,0.01,g
0.0,807,0.04,g
0.0,808,0.0,g
0.0,809,0.01,g
0.0,810,0.0,g
0.0,811,0.0,g
0.0,812,0.0,g
0.0,813,0.02,g
0.0,814,0.0,g
0.0,815,0.0,g
0.0,816,0.01,g
0.0,817,0.0,g
0.0,818,0.0,g
0.0,819,0.0,g
0.0,820,0.0,g
0.0,821,0.0,g
0.0,822,0.0,g
0.0,823,0.23,g
0.0,824,0.0,g
0.0,825,0.0,g
0.2,826,0.01,r
1.0,0,0.0,g
1.0,1,0.01,g
1.0,2,0.0,g
1.0,3,0.0,g
1.0,4,0.0,g
1.0,5,0.0,g
1.0,6,0.0,g
1.0,7,0.0,g
1.0,8,0.0,g
1.0,9,0.0,g
1.0,10,0.0,g
1.0,11,0.0,g
1.0,12,0.0,g
1.0,13,0.02,g
1.0,14,0.0,g
1.0,15,0.01,g
1.0,16,0.0,g
1.0,17,0.0,g
1.0,18,0.01,g
1.0,19,0.0,g
1.0,20,0.0,g
1.0,21,0.0,g
1.0,22,0.01,g
1.0,23,0.0,g
1.0,24,0.0,g
1.0,25,0.01,g
1.0,26,0.0,g
1.0,27,0.0,g
1.0,28,0.04,g
1.0,29,0.0,g
1.0,30,0.0,g
1.0,31,0.0,g
1.0,32,0.0,g
1.0,33,0.01,g
1.0,34,0.0,g
1.0,35,0.0,g
1.0,36,0.0,g
1.0,37,0.0,g
1.0,38,0.01,g
1.0,39,0.0,g
1.0,40,0.0,g
1.0,41,0.0,g
1.0,42,0.0,g
1.0,43,0.0,g
1.0,44,0.0,g
1.0,45,0.0,g
1.0,46,0.01,g
1.0,47,0.0,g
1.0,48,0.0,g
1.0,49,0.0,g
1.0,50,0.0,g
1.0,51,0.0,g
1.0,52,0.0,g
1.0,53,0.0,g
1.0,54,0.0,g
1.0,55,0.0,g
1.0,56,0.0,g
1.0,57,0.01,g
1.0,58,0.11,g
1.0,59,0.0,g
1.0,60,0.0,g
1.0,61,0.01,g
1.0,62,0.01,g
1.0,63,0.0,g
1.0,64,0.0,g
1.0,65,0.0,g
1.0,66,0.0,g
1.2,67,0.02,r
1.0,68,0.01,g
1.0,69,0.0,g
1.0,70,0.0,g
1.0,71,0.0,g
1.0,72,0.0,g
1.0,73,0.0,g
1.0,74,0.0,g
1.0,75,0.01,g
1.0,76,0.0,g
1.0,77,0.0,g
1.0,78,0.0,g
1.0,79,0.0,g
1.0,80,0.0,g
1.0,81,0.0,g
1.0,82,0.0,g
1.0,83,0.0,g
1.0,84,0.0,g
1.0,85,0.0,g
1.0,86,0.0,g
1.0,87,0.0,g
1.0,88,0.0,g
1.0,89,0.0,g
1.0,90,0.0,g
1.0,91,0.01,g
1.0,92,0.0,g
1.0,93,0.0,g
1.0,94,0.0,g
1.0,95,0.0,g
1.0,96,0.0,g
1.0,97,0.0,g
1.0,98,0.01,g
1.0,99,0.03,g
1.0,100,0.0,g
1.0,101,0.0,g
1.0,102,0.0,g
1.0,103,0.0,g
1.0,104,0.04,g
1.0,105,0.0,g
1.2,106,0.02,r
1.0,107,0.0,g
1.0,108,0.0,g
1.0,109,0.0,g
1.0,110,0.02,g
1.0,111,0.0,g
1.0,112,0.0,g
1.0,113,0.0,g
1.0,114,0.0,g
1.0,115,0.0,g
1.0,116,0.0,g
1.0,117,0.0,g
1.0,118,0.0,g
1.0,119,0.0,g
1.0,120,0.01,g
1.0,121,0.0,g
1.0,122,0.0,g
1.0,123,0.0,g
1.0,124,0.0,g
1.0,125,0.0,g
1.0,126,0.0,g
1.0,127,0.0,g
1.0,128,0.0,g
1.0,129,0.0,g
1.0,130,0.0,g
1.0,131,0.0,g
1.0,132,0.0,g
1.0,133,0.0,g
1.0,134,0.0,g
1.0,135,0.0,g
1.0,136,0.0,g
1.0,137,0.0,g
1.0,138,0.0,g
1.0,139,0.0,g
1.0,140,0.0,g
1.0,141,0.03,g
1.0,142,0.0,g
1.0,143,0.01,g
1.0,144,0.0,g
1.0,145,0.0,g
1.0,146,0.0,g
1.0,147,0.0,g
1.0,148,0.0,g
1.0,149,0.0,g
1.0,150,0.0,g
1.0,151,0.0,g
1.0,152,0.0,g
1.0,153,0.01,g
1.0,154,0.0,g
1.0,155,0.0,g
1.0,156,0.0,g
1.0,157,0.0,g
1.0,158,0.0,g
1.0,159,0.0,g
1.0,160,0.0,g
1.0,161,0.0,g
1.0,162,0.0,g
1.0,163,0.0,g
1.0,164,0.0,g
1.0,165,0.0,g
1.0,166,0.0,g
1.0,167,0.0,g
1.0,168,0.0,g
1.0,169,0.0,g
1.0,170,0.0,g
1.0,171,0.0,g
1.0,172,0.0,g
1.0,173,0.0,g
1.0,174,0.0,g
1.0,175,0.0,g
1.0,176,0.0,g
1.0,177,0.0,g
1.0,178,0.0,g
1.0,179,0.0,g
1.0,180,0.0,g
1.0,181,0.0,g
1.0,182,0.0,g
1.0,183,0.0,g
1.0,184,0.0,g
1.0,185,0.01,g
1.0,186,0.0,g
1.0,187,0.0,g
1.0,188,0.0,g
1.0,189,0.0,g
1.0,190,0.0,g
1.0,191,0.0,g
1.0,192,0.0,g
1.0,193,0.0,g
1.0,194,0.01,g
1.0,195,0.0,g
1.0,196,0.0,g
1.0,197,0.01,g
1.0,198,0.0,g
1.0,199,0.0,g
1.0,200,0.0,g
1.0,201,0.0,g
1.0,202,0.0,g
1.0,203,0.0,g
1.0,204,0.0,g
1.0,205,0.01,g
1.0,206,0.0,g
1.0,207,0.0,g
1.0,208,0.0,g
1.0,209,0.0,g
1.0,210,0.0,g
1.0,211,0.0,g
1.0,212,0.0,g
1.0,213,0.0,g
1.0,214,0.0,g
1.0,215,0.01,g
1.0,216,0.0,g
1.0,217,0.06,g
1.0,218,0.0,g
1.0,219,0.0,g
1.0,220,0.0,g
1.0,221,0.0,g
1.0,222,0.01,g
1.0,223,0.0,g
1.0,224,0.0,g
1.0,225,0.0,g
1.0,226,0.0,g
1.0,227,0.0,g
1.0,228,0.0,g
1.0,229,0.0,g
1.0,230,0.01,g
1.0,231,0.0,g
1.0,232,0.0,g
1.0,233,0.0,g
1.0,234,0.0,g
1.0,235,0.0,g
1.0,236,0.0,g
1.0,237,0.0,g
1.0,238,0.0,g
1.0,239,0.0,g
1.0,240,0.0,g
1.2,241,0.0,r
1.0,242,0.0,g
1.0,243,0.0,g
1.0,244,0.0,g
1.0,245,0.0,g
1.0,246,0.0,g
1.0,247,0.0,g
1.0,248,0.0,g
1.0,249,0.0,g
1.0,250,0.0,g
1.0,251,0.02,g
1.0,252,0.0,g
1.0,253,0.01,g
1.0,254,0.0,g
1.2,255,0.0,r
1.0,256,0.0,g
1.0,257,0.0,g
1.0,258,0.0,g
1.0,259,0.0,g
1.0,260,0.0,g
1.0,261,0.0,g
1.0,262,0.0,g
1.0,263,0.0,g
1.0,264,0.0,g
1.0,265,0.0,g
1.0,266,0.0,g
1.0,267,0.0,g
1.0,268,0.0,g
1.0,269,0.0,g
1.0,270,0.0,g
1.0,271,0.0,g
1.0,272,0.0,g
1.0,273,0.0,g
1.0,274,0.0,g
1.0,275,0.0,g
1.0,276,0.0,g
1.0,277,0.0,g
1.0,278,0.0,g
1.0,279,0.03,g
1.0,280,0.0,g
1.0,281,0.0,g
1.0,282,0.0,g
1.0,283,0.0,g
1.0,284,0.0,g
1.0,285,0.0,g
1.0,286,0.0,g
1.0,287,0.0,g
1.0,288,0.0,g
1.2,289,0.03,r
1.0,290,0.0,g
1.0,291,0.0,g
1.0,292,0.01,g
1.0,293,0.01,g
1.0,294,0.0,g
1.0,295,0.0,g
1.0,296,0.0,g
1.0,297,0.0,g
1.2,298,0.0,r
1.0,299,0.0,g
1.0,300,0.0,g
1.0,301,0.0,g
1.0,302,0.11,g
1.0,303,0.0,g
1.0,304,0.0,g
1.0,305,0.0,g
1.0,306,0.0,g
1.0,307,0.0,g
1.0,308,0.0,g
1.0,309,0.0,g
1.0,310,0.0,g
1.0,311,0.0,g
1.0,312,0.0,g
1.2,313,0.0,r
1.0,314,0.0,g
1.0,315,0.0,g
1.0,316,0.0,g
1.0,317,0.0,g
1.0,318,0.0,g
1.0,319,0.0,g
1.0,320,0.01,g
1.0,321,0.0,g
1.0,322,0.0,g
1.0,323,0.0,g
1.0,324,0.02,g
1.0,325,0.0,g
1.0,326,0.0,g
1.0,327,0.0,g
1.0,328,0.0,g
1.0,329,0.01,g
1.2,330,0.01,r
1.0,331,0.0,g
1.0,332,0.01,g
1.0,333,0.0,g
1.0,334,0.0,g
1.0,335,0.0,g
1.0,336,0.01,g
1.0,337,0.0,g
1.0,338,0.0,g
1.0,339,0.0,g
1.0,340,0.0,g
1.0,341,0.05,g
1.2,342,0.0,r
1.0,343,0.01,g
1.0,344,0.0,g
1.0,345,0.07,g
1.0,346,0.0,g
1.0,347,0.0,g
1.0,348,0.0,g
1.0,349,0.0,g
1.0,350,0.0,g
1.0,351,0.0,g
1.0,352,0.0,g
1.0,353,0.04,g
1.0,354,0.01,g
1.0,355,0.0,g
1.0,356,0.09,g
1.0,357,0.0,g
1.0,358,0.0,g
1.0,359,0.0,g
1.0,360,0.0,g
1.0,361,0.0,g
1.0,362,0.01,g
1.0,363,0.0,g
1.0,364,0.0,g
1.2,365,0.01,r
1.0,366,0.0,g
1.2,367,0.34,r
1.0,368,0.0,g
1.0,369,0.0,g
1.0,370,0.0,g
1.0,371,0.0,g
1.0,372,0.0,g
1.0,373,0.0,g
1.0,374,0.0,g
1.0,375,0.0,g
1.0,376,0.0,g
1.0,377,0.0,g
1.0,378,0.0,g
1.2,379,0.0,r
1.0,380,0.0,g
1.0,381,0.0,g
1.0,382,0.01,g
1.0,383,0.0,g
1.0,384,0.05,g
1.0,385,0.01,g
1.0,386,0.0,g
1.0,387,0.0,g
1.0,388,0.0,g
1.0,389,0.0,g
1.0,390,0.0,g
1.0,391,0.0,g
1.0,392,0.0,g
1.0,393,0.0,g
1.0,394,0.0,g
1.0,395,0.0,g
1.0,396,0.0,g
1.0,397,0.0,g
1.0,398,0.01,g
1.0,399,0.0,g
1.0,400,0.0,g
1.0,401,0.0,g
1.0,402,0.0,g
1.0,403,0.0,g
1.0,404,0.0,g
1.0,405,0.0,g
1.0,406,0.0,g
1.0,407,0.0,g
1.0,408,0.0,g
1.0,409,0.0,g
1.0,410,0.0,g
1.0,411,0.0,g
1.0,412,0.0,g
1.0,413,0.0,g
1.0,414,0.0,g
1.2,415,0.1,r
1.0,416,0.0,g
1.0,417,0.01,g
1.0,418,0.0,g
1.0,419,0.0,g
1.0,420,0.0,g
1.0,421,0.0,g
1.0,422,0.03,g
1.0,423,0.0,g
1.0,424,0.0,g
1.0,425,0.0,g
1.0,426,0.0,g
1.0,427,0.0,g
1.0,428,0.0,g
1.0,429,0.0,g
1.0,430,0.0,g
1.0,431,0.0,g
1.0,432,0.0,g
1.0,433,0.0,g
1.0,434,0.0,g
1.2,435,0.0,r
1.0,436,0.0,g
1.0,437,0.0,g
1.0,438,0.0,g
1.0,439,0.0,g
1.0,440,0.0,g
1.0,441,0.0,g
1.0,442,0.0,g
1.0,443,0.0,g
1.0,444,0.0,g
1.0,445,0.0,g
1.0,446,0.0,g
1.0,447,0.0,g
1.0,448,0.0,g
1.0,449,0.0,g
1.0,450,0.0,g
1.0,451,0.0,g
1.0,452,0.0,g
1.0,453,0.02,g
1.0,454,0.0,g
1.0,455,0.0,g
1.0,456,0.0,g
1.0,457,0.0,g
1.0,458,0.0,g
1.0,459,0.02,g
1.0,460,0.01,g
1.0,461,0.0,g
1.0,462,0.0,g
1.0,463,0.0,g
1.0,464,0.0,g
1.0,465,0.0,g
1.0,466,0.0,g
1.0,467,0.0,g
1.0,468,0.0,g
1.2,469,0.03,r
1.0,470,0.0,g
1.0,471,0.0,g
1.0,472,0.0,g
1.0,473,0.0,g
1.0,474,0.0,g
1.0,475,0.0,g
1.0,476,0.0,g
1.0,477,0.0,g
1.0,478,0.0,g
1.0,479,0.0,g
1.0,480,0.0,g
1.0,481,0.0,g
1.0,482,0.0,g
1.0,483,0.0,g
1.0,484,0.0,g
1.0,485,0.08,g
1.0,486,0.0,g
1.0,487,0.0,g
1.0,488,0.0,g
1.2,489,0.0,r
1.0,490,0.0,g
1.0,491,0.0,g
1.0,492,0.0,g
1.0,493,0.04,g
1.0,494,0.0,g
1.0,495,0.01,g
1.0,496,0.0,g
1.0,497,0.0,g
1.0,498,0.04,g
1.0,499,0.0,g
1.2,500,0.0,r
1.0,501,0.0,g
1.0,502,0.0,g
1.0,503,0.0,g
1.0,504,0.0,g
1.0,505,0.0,g
1.0,506,0.0,g
1.0,507,0.0,g
1.0,508,0.0,g
1.0,509,0.0,g
1.0,510,0.01,g
1.0,511,0.0,g
1.0,512,0.0,g
1.0,513,0.0,g
1.2,514,0.03,r
1.0,515,0.0,g
1.0,516,0.0,g
1.0,517,0.0,g
1.0,518,0.01,g
1.0,519,0.0,g
1.0,520,0.0,g
1.0,521,0.0,g
1.0,522,0.06,g
1.0,523,0.0,g
1.0,524,0.0,g
1.0,525,0.0,g
1.0,526,0.0,g
1.0,527,0.0,g
1.0,528,0.0,g
1.0,529,0.0,g
1.0,530,0.01,g
1.0,531,0.0,g
1.0,532,0.0,g
1.0,533,0.0,g
1.0,534,0.13,g
1.0,535,0.0,g
1.0,536,0.0,g
1.0,537,0.0,g
1.0,538,0.0,g
1.0,539,0.0,g
1.0,540,0.0,g
1.2,541,0.08,r
1.0,542,0.0,g
1.0,543,0.0,g
1.0,544,0.0,g
1.0,545,0.0,g
1.0,546,0.0,g
1.0,547,0.0,g
1.0,548,0.0,g
1.0,549,0.0,g
1.0,550,0.0,g
1.0,551,0.0,g
1.0,552,0.0,g
1.0,553,0.0,g
1.0,554,0.0,g
1.2,555,0.0,r
1.0,556,0.0,g
1.0,557,0.01,g
1.0,558,0.0,g
1.0,559,0.0,g
1.0,560,0.0,g
1.0,561,0.0,g
1.0,562,0.0,g
1.0,563,0.01,g
1.0,564,0.0,g
1.0,565,0.0,g
1.0,566,0.0,g
1.0,567,0.0,g
1.0,568,0.0,g
1.0,569,0.0,g
1.0,570,0.0,g
1.0,571,0.0,g
1.0,572,0.0,g
1.0,573,0.0,g
1.0,574,0.04,g
1.0,575,0.01,g
1.0,576,0.0,g
1.0,577,0.0,g
1.0,578,0.0,g
1.0,579,0.01,g
1.0,580,0.0,g
1.0,581,0.0,g
1.0,582,0.0,g
1.0,583,0.0,g
1.0,584,0.05,g
1.0,585,0.0,g
1.0,586,0.0,g
1.0,587,0.0,g
1.0,588,0.0,g
1.0,589,0.0,g
1.0,590,0.0,g
1.0,591,0.0,g
1.0,592,0.0,g
1.0,593,0.0,g
1.0,594,0.01,g
1.0,595,0.0,g
1.0,596,0.0,g
1.0,597,0.0,g
1.0,598,0.0,g
1.0,599,0.0,g
1.0,600,0.0,g
1.0,601,0.03,g
1.0,602,0.0,g
1.0,603,0.0,g
1.0,604,0.0,g
1.0,605,0.0,g
1.0,606,0.0,g
1.2,607,0.01,r
1.0,608,0.0,g
1.0,609,0.0,g
1.0,610,0.0,g
1.0,611,0.0,g
1.0,612,0.0,g
1.0,613,0.0,g
1.0,614,0.0,g
1.0,615,0.0,g
1.0,616,0.0,g
1.0,617,0.0,g
1.2,618,0.0,r
1.0,619,0.0,g
1.0,620,0.0,g
1.0,621,0.0,g
1.0,622,0.0,g
1.0,623,0.0,g
1.0,624,0.01,g
1.0,625,0.0,g
1.2,626,0.17,r
1.0,627,0.0,g
1.0,628,0.0,g
1.0,629,0.03,g
1.0,630,0.0,g
1.0,631,0.0,g
1.0,632,0.0,g
1.0,633,0.0,g
1.0,634,0.0,g
1.0,635,0.0,g
1.0,636,0.0,g
1.0,637,0.0,g
1.0,638,0.0,g
1.0,639,0.0,g
1.0,640,0.0,g
1.0,641,0.0,g
1.0,642,0.0,g
1.0,643,0.0,g
1.0,644,0.0,g
1.0,645,0.0,g
1.0,646,0.02,g
1.0,647,0.0,g
1.0,648,0.0,g
1.0,649,0.0,g
1.0,650,0.0,g
1.0,651,0.0,g
1.0,652,0.0,g
1.0,653,0.0,g
1.0,654,0.01,g
1.0,655,0.0,g
1.0,656,0.0,g
1.0,657,0.0,g
1.0,658,0.0,g
1.0,659,0.0,g
1.0,660,0.0,g
1.0,661,0.0,g
1.2,662,0.17,r
1.0,663,0.0,g
1.0,664,0.01,g
1.0,665,0.0,g
1.2,666,0.03,r
1.2,667,0.0,r
1.0,668,0.0,g
1.0,669,0.0,g
1.0,670,0.0,g
1.0,671,0.0,g
1.2,672,0.06,r
1.0,673,0.0,g
1.0,674,0.0,g
1.0,675,0.0,g
1.0,676,0.01,g
1.0,677,0.0,g
1.0,678,0.0,g
1.0,679,0.0,g
1.0,680,0.0,g
1.0,681,0.0,g
1.0,682,0.01,g
1.2,683,0.06,r
1.0,684,0.0,g
1.0,685,0.0,g
1.0,686,0.0,g
1.0,687,0.0,g
1.0,688,0.0,g
1.0,689,0.02,g
1.0,690,0.0,g
1.0,691,0.01,g
1.0,692,0.0,g
1.0,693,0.0,g
1.0,694,0.0,g
1.0,695,0.01,g
1.0,696,0.0,g
1.0,697,0.0,g
1.0,698,0.0,g
1.0,699,0.01,g
1.0,700,0.0,g
1.0,701,0.01,g
1.0,702,0.0,g
1.0,703,0.0,g
1.0,704,0.0,g
1.0,705,0.0,g
1.0,706,0.0,g
1.0,707,0.0,g
1.0,708,0.0,g
1.0,709,0.0,g
1.0,710,0.0,g
1.0,711,0.0,g
1.2,712,0.04,r
1.0,713,0.0,g
1.0,714,0.0,g
1.0,715,0.0,g
1.0,716,0.0,g
1.0,717,0.0,g
1.0,718,0.0,g
1.0,719,0.0,g
1.0,720,0.0,g
1.0,721,0.05,g
1.0,722,0.0,g
1.0,723,0.0,g
1.0,724,0.0,g
1.2,725,0.0,r
1.0,726,0.0,g
1.0,727,0.0,g
1.0,728,0.01,g
1.0,729,0.0,g
1.0,730,0.0,g
1.0,731,0.0,g
1.0,732,0.0,g
1.0,733,0.0,g
1.0,734,0.0,g
1.0,735,0.0,g
1.0,736,0.0,g
1.0,737,0.0,g
1.0,738,0.0,g
1.0,739,0.0,g
1.0,740,0.0,g
1.0,741,0.0,g
1.0,742,0.0,g
1.0,743,0.0,g
1.2,744,0.0,r
1.0,745,0.0,g
1.0,746,0.0,g
1.0,747,0.03,g
1.0,748,0.0,g
1.0,749,0.0,g
1.0,750,0.0,g
1.0,751,0.0,g
1.0,752,0.0,g
1.2,753,0.0,r
1.0,754,0.0,g
1.0,755,0.0,g
1.0,756,0.0,g
1.0,757,0.0,g
1.0,758,0.0,g
1.2,759,0.03,r
1.0,760,0.0,g
1.0,761,0.0,g
1.0,762,0.0,g
1.0,763,0.0,g
1.0,764,0.0,g
1.0,765,0.0,g
1.0,766,0.0,g
1.0,767,0.0,g
1.0,768,0.0,g
1.0,769,0.01,g
1.0,770,0.0,g
1.0,771,0.0,g
1.0,772,0.0,g
1.0,773,0.01,g
1.0,774,0.0,g
1.0,775,0.0,g
1.0,776,0.0,g
1.0,777,0.0,g
1.0,778,0.0,g
1.0,779,0.0,g
1.0,780,0.0,g
1.0,781,0.0,g
1.0,782,0.0,g
1.0,783,0.0,g
1.0,784,0.0,g
1.0,785,0.0,g
1.0,786,0.0,g
1.0,787,0.04,g
1.0,788,0.0,g
1.0,789,0.0,g
1.2,790,0.04,r
1.0,791,0.0,g
1.0,792,0.0,g
1.0,793,0.0,g
1.0,794,0.0,g
1.0,795,0.0,g
1.0,796,0.0,g
1.0,797,0.0,g
1.0,798,0.0,g
1.0,799,0.0,g
1.0,800,0.0,g
1.0,801,0.0,g
1.0,802,0.0,g
1.0,803,0.0,g
1.0,804,0.0,g
1.0,805,0.0,g
1.0,806,0.0,g
1.0,807,0.01,g
1.0,808,0.0,g
1.0,809,0.0,g
1.0,810,0.01,g
1.0,811,0.0,g
1.0,812,0.0,g
1.0,813,0.02,g
1.0,814,0.01,g
1.0,815,0.0,g
1.0,816,0.0,g
1.0,817,0.0,g
1.0,818,0.0,g
1.0,819,0.0,g
1.0,820,0.01,g
1.0,821,0.0,g
1.0,822,0.0,g
1.0,823,0.05,g
1.0,824,0.0,g
1.0,825,0.0,g
1.0,826,0.0,g
2.0,0,0.0,g
2.2,1,0.09,r
2.0,2,0.0,g
2.0,3,0.0,g
2.0,4,0.0,g
2.0,5,0.0,g
2.0,6,0.0,g
2.0,7,0.0,g
2.0,8,0.0,g
2.0,9,0.0,g
2.0,10,0.0,g
2.0,11,0.0,g
2.0,12,0.0,g
2.0,13,0.0,g
2.0,14,0.0,g
2.2,15,0.16,r
2.0,16,0.0,g
2.0,17,0.0,g
2.2,18,0.07,r
2.0,19,0.0,g
2.0,20,0.0,g
2.0,21,0.0,g
2.0,22,0.0,g
2.0,23,0.0,g
2.0,24,0.0,g
2.0,25,0.0,g
2.0,26,0.0,g
2.0,27,0.0,g
2.2,28,0.29,r
2.0,29,0.0,g
2.0,30,0.0,g
2.0,31,0.0,g
2.0,32,0.0,g
2.0,33,0.0,g
2.0,34,0.0,g
2.0,35,0.0,g
2.0,36,0.0,g
2.0,37,0.0,g
2.0,38,0.01,g
2.0,39,0.0,g
2.0,40,0.0,g
2.0,41,0.0,g
2.0,42,0.0,g
2.0,43,0.0,g
2.0,44,0.0,g
2.0,45,0.0,g
2.0,46,0.0,g
2.0,47,0.0,g
2.0,48,0.0,g
2.0,49,0.0,g
2.0,50,0.0,g
2.0,51,0.0,g
2.0,52,0.0,g
2.0,53,0.0,g
2.0,54,0.0,g
2.0,55,0.0,g
2.0,56,0.0,g
2.0,57,0.01,g
2.2,58,0.04,r
2.0,59,0.0,g
2.0,60,0.0,g
2.0,61,0.0,g
2.0,62,0.0,g
2.0,63,0.0,g
2.0,64,0.0,g
2.0,65,0.0,g
2.0,66,0.0,g
2.0,67,0.01,g
2.0,68,0.0,g
2.0,69,0.0,g
2.0,70,0.0,g
2.0,71,0.0,g
2.0,72,0.0,g
2.0,73,0.0,g
2.0,74,0.0,g
2.0,75,0.0,g
2.0,76,0.0,g
2.0,77,0.0,g
2.0,78,0.0,g
2.0,79,0.0,g
2.0,80,0.0,g
2.0,81,0.0,g
2.0,82,0.0,g
2.0,83,0.0,g
2.0,84,0.0,g
2.0,85,0.0,g
2.0,86,0.01,g
2.0,87,0.0,g
2.0,88,0.0,g
2.0,89,0.0,g
2.0,90,0.0,g
2.2,91,0.05,r
2.0,92,0.0,g
2.0,93,0.0,g
2.0,94,0.0,g
2.0,95,0.0,g
2.0,96,0.0,g
2.0,97,0.0,g
2.0,98,0.0,g
2.2,99,0.13,r
2.0,100,0.0,g
2.0,101,0.0,g
2.0,102,0.0,g
2.0,103,0.0,g
2.2,104,0.06,r
2.0,105,0.0,g
2.0,106,0.0,g
2.0,107,0.0,g
2.0,108,0.0,g
2.0,109,0.0,g
2.0,110,0.01,g
2.0,111,0.0,g
2.0,112,0.0,g
2.0,113,0.0,g
2.0,114,0.0,g
2.0,115,0.0,g
2.0,116,0.0,g
2.0,117,0.0,g
2.0,118,0.0,g
2.0,119,0.0,g
2.0,120,0.0,g
2.0,121,0.0,g
2.0,122,0.0,g
2.0,123,0.0,g
2.0,124,0.0,g
2.0,125,0.0,g
2.0,126,0.0,g
2.0,127,0.0,g
2.0,128,0.0,g
2.0,129,0.0,g
2.0,130,0.0,g
2.0,131,0.0,g
2.0,132,0.0,g
2.0,133,0.0,g
2.0,134,0.0,g
2.0,135,0.0,g
2.0,136,0.0,g
2.0,137,0.0,g
2.0,138,0.0,g
2.0,139,0.0,g
2.0,140,0.0,g
2.2,141,0.1,r
2.0,142,0.0,g
2.0,143,0.0,g
2.0,144,0.0,g
2.0,145,0.0,g
2.0,146,0.0,g
2.0,147,0.0,g
2.0,148,0.0,g
2.0,149,0.0,g
2.0,150,0.0,g
2.0,151,0.0,g
2.0,152,0.0,g
2.0,153,0.0,g
2.0,154,0.0,g
2.0,155,0.0,g
2.0,156,0.0,g
2.0,157,0.0,g
2.0,158,0.0,g
2.0,159,0.0,g
2.0,160,0.0,g
2.0,161,0.0,g
2.0,162,0.0,g
2.0,163,0.0,g
2.0,164,0.0,g
2.0,165,0.0,g
2.0,166,0.0,g
2.0,167,0.0,g
2.0,168,0.0,g
2.0,169,0.0,g
2.0,170,0.0,g
2.0,171,0.0,g
2.0,172,0.0,g
2.0,173,0.0,g
2.0,174,0.0,g
2.0,175,0.0,g
2.0,176,0.0,g
2.0,177,0.0,g
2.0,178,0.0,g
2.0,179,0.0,g
2.0,180,0.0,g
2.0,181,0.0,g
2.0,182,0.0,g
2.0,183,0.0,g
2.0,184,0.0,g
2.2,185,0.14,r
2.0,186,0.0,g
2.0,187,0.0,g
2.0,188,0.0,g
2.0,189,0.0,g
2.0,190,0.01,g
2.0,191,0.0,g
2.0,192,0.0,g
2.0,193,0.0,g
2.0,194,0.0,g
2.0,195,0.0,g
2.0,196,0.0,g
2.0,197,0.0,g
2.0,198,0.0,g
2.0,199,0.0,g
2.0,200,0.0,g
2.0,201,0.0,g
2.0,202,0.0,g
2.0,203,0.0,g
2.0,204,0.0,g
2.0,205,0.0,g
2.0,206,0.0,g
2.0,207,0.0,g
2.0,208,0.0,g
2.0,209,0.0,g
2.0,210,0.0,g
2.0,211,0.0,g
2.0,212,0.0,g
2.0,213,0.0,g
2.0,214,0.0,g
2.0,215,0.0,g
2.0,216,0.0,g
2.2,217,0.13,r
2.0,218,0.0,g
2.0,219,0.0,g
2.0,220,0.0,g
2.0,221,0.0,g
2.0,222,0.0,g
2.0,223,0.0,g
2.0,224,0.0,g
2.0,225,0.0,g
2.0,226,0.0,g
2.0,227,0.0,g
2.0,228,0.0,g
2.0,229,0.0,g
2.0,230,0.0,g
2.0,231,0.0,g
2.0,232,0.0,g
2.0,233,0.0,g
2.0,234,0.0,g
2.0,235,0.0,g
2.0,236,0.0,g
2.0,237,0.0,g
2.0,238,0.0,g
2.0,239,0.0,g
2.0,240,0.0,g
2.0,241,0.0,g
2.0,242,0.0,g
2.0,243,0.0,g
2.0,244,0.0,g
2.0,245,0.0,g
2.0,246,0.0,g
2.0,247,0.0,g
2.0,248,0.0,g
2.0,249,0.0,g
2.0,250,0.0,g
2.2,251,0.04,r
2.0,252,0.0,g
2.2,253,0.01,r
2.0,254,0.0,g
2.0,255,0.0,g
2.0,256,0.0,g
2.0,257,0.0,g
2.0,258,0.0,g
2.0,259,0.0,g
2.0,260,0.0,g
2.0,261,0.0,g
2.0,262,0.0,g
2.0,263,0.0,g
2.0,264,0.0,g
2.0,265,0.0,g
2.0,266,0.0,g
2.0,267,0.0,g
2.0,268,0.0,g
2.0,269,0.0,g
2.0,270,0.0,g
2.0,271,0.0,g
2.0,272,0.0,g
2.0,273,0.0,g
2.0,274,0.0,g
2.0,275,0.0,g
2.0,276,0.0,g
2.0,277,0.0,g
2.0,278,0.0,g
2.2,279,0.01,r
2.0,280,0.0,g
2.0,281,0.0,g
2.0,282,0.0,g
2.0,283,0.0,g
2.0,284,0.0,g
2.0,285,0.0,g
2.0,286,0.0,g
2.0,287,0.0,g
2.0,288,0.0,g
2.0,289,0.01,g
2.0,290,0.0,g
2.0,291,0.0,g
2.0,292,0.0,g
2.2,293,0.01,r
2.0,294,0.0,g
2.0,295,0.0,g
2.0,296,0.0,g
2.0,297,0.0,g
2.0,298,0.0,g
2.0,299,0.0,g
2.0,300,0.0,g
2.0,301,0.0,g
2.2,302,0.1,r
2.0,303,0.0,g
2.0,304,0.0,g
2.0,305,0.0,g
2.0,306,0.0,g
2.0,307,0.0,g
2.0,308,0.0,g
2.0,309,0.0,g
2.0,310,0.0,g
2.0,311,0.0,g
2.0,312,0.0,g
2.0,313,0.0,g
2.0,314,0.0,g
2.0,315,0.0,g
2.0,316,0.0,g
2.0,317,0.0,g
2.0,318,0.0,g
2.0,319,0.0,g
2.0,320,0.0,g
2.0,321,0.0,g
2.0,322,0.0,g
2.0,323,0.0,g
2.0,324,0.0,g
2.0,325,0.0,g
2.0,326,0.0,g
2.0,327,0.0,g
2.0,328,0.0,g
2.0,329,0.0,g
2.0,330,0.0,g
2.0,331,0.0,g
2.0,332,0.0,g
2.0,333,0.0,g
2.0,334,0.0,g
2.0,335,0.0,g
2.0,336,0.0,g
2.0,337,0.0,g
2.0,338,0.0,g
2.0,339,0.0,g
2.0,340,0.0,g
2.2,341,0.02,r
2.0,342,0.0,g
2.0,343,0.0,g
2.0,344,0.0,g
2.2,345,0.21,r
2.0,346,0.0,g
2.0,347,0.0,g
2.0,348,0.0,g
2.0,349,0.0,g
2.0,350,0.0,g
2.0,351,0.0,g
2.0,352,0.0,g
2.2,353,0.09,r
2.0,354,0.02,g
2.0,355,0.0,g
2.0,356,0.03,g
2.0,357,0.0,g
2.0,358,0.0,g
2.0,359,0.0,g
2.0,360,0.0,g
2.0,361,0.0,g
2.0,362,0.0,g
2.0,363,0.0,g
2.0,364,0.0,g
2.0,365,0.0,g
2.0,366,0.0,g
2.0,367,0.0,g
2.0,368,0.0,g
2.0,369,0.0,g
2.0,370,0.0,g
2.0,371,0.0,g
2.0,372,0.0,g
2.0,373,0.0,g
2.0,374,0.0,g
2.0,375,0.0,g
2.0,376,0.0,g
2.0,377,0.0,g
2.0,378,0.0,g
2.0,379,0.0,g
2.0,380,0.0,g
2.0,381,0.0,g
2.2,382,0.06,r
2.0,383,0.0,g
2.2,384,0.05,r
2.0,385,0.01,g
2.0,386,0.0,g
2.0,387,0.0,g
2.0,388,0.0,g
2.0,389,0.0,g
2.0,390,0.0,g
2.0,391,0.0,g
2.0,392,0.0,g
2.0,393,0.0,g
2.0,394,0.0,g
2.0,395,0.0,g
2.0,396,0.0,g
2.0,397,0.0,g
2.0,398,0.0,g
2.0,399,0.0,g
2.0,400,0.0,g
2.0,401,0.0,g
2.0,402,0.0,g
2.0,403,0.0,g
2.0,404,0.0,g
2.0,405,0.0,g
2.0,406,0.0,g
2.0,407,0.0,g
2.0,408,0.0,g
2.0,409,0.0,g
2.0,410,0.0,g
2.0,411,0.0,g
2.0,412,0.0,g
2.0,413,0.0,g
2.0,414,0.0,g
2.0,415,0.08,g
2.0,416,0.0,g
2.0,417,0.0,g
2.0,418,0.0,g
2.0,419,0.0,g
2.0,420,0.0,g
2.0,421,0.0,g
2.0,422,0.0,g
2.0,423,0.0,g
2.0,424,0.0,g
2.0,425,0.0,g
2.0,426,0.0,g
2.0,427,0.0,g
2.0,428,0.0,g
2.0,429,0.0,g
2.0,430,0.0,g
2.0,431,0.0,g
2.0,432,0.0,g
2.0,433,0.0,g
2.0,434,0.0,g
2.0,435,0.0,g
2.0,436,0.0,g
2.0,437,0.0,g
2.0,438,0.0,g
2.0,439,0.0,g
2.0,440,0.0,g
2.0,441,0.0,g
2.0,442,0.0,g
2.0,443,0.0,g
2.0,444,0.0,g
2.0,445,0.0,g
2.0,446,0.0,g
2.0,447,0.0,g
2.0,448,0.0,g
2.0,449,0.0,g
2.0,450,0.0,g
2.0,451,0.0,g
2.0,452,0.0,g
2.0,453,0.0,g
2.0,454,0.0,g
2.0,455,0.0,g
2.0,456,0.0,g
2.0,457,0.0,g
2.0,458,0.0,g
2.0,459,0.0,g
2.0,460,0.0,g
2.0,461,0.0,g
2.0,462,0.0,g
2.0,463,0.0,g
2.0,464,0.0,g
2.0,465,0.0,g
2.0,466,0.0,g
2.0,467,0.0,g
2.0,468,0.0,g
2.0,469,0.01,g
2.0,470,0.0,g
2.0,471,0.0,g
2.0,472,0.0,g
2.0,473,0.0,g
2.0,474,0.0,g
2.0,475,0.0,g
2.0,476,0.0,g
2.0,477,0.0,g
2.0,478,0.0,g
2.0,479,0.0,g
2.0,480,0.0,g
2.0,481,0.0,g
2.0,482,0.0,g
2.0,483,0.0,g
2.0,484,0.0,g
2.2,485,0.02,r
2.0,486,0.0,g
2.0,487,0.0,g
2.0,488,0.0,g
2.0,489,0.0,g
2.0,490,0.0,g
2.0,491,0.0,g
2.0,492,0.0,g
2.2,493,0.05,r
2.0,494,0.0,g
2.0,495,0.0,g
2.0,496,0.0,g
2.0,497,0.0,g
2.2,498,0.19,r
2.0,499,0.0,g
2.0,500,0.0,g
2.0,501,0.0,g
2.0,502,0.0,g
2.0,503,0.0,g
2.0,504,0.0,g
2.0,505,0.0,g
2.0,506,0.0,g
2.0,507,0.0,g
2.0,508,0.0,g
2.0,509,0.0,g
2.0,510,0.0,g
2.0,511,0.0,g
2.0,512,0.0,g
2.0,513,0.0,g
2.0,514,0.01,g
2.0,515,0.0,g
2.0,516,0.0,g
2.0,517,0.0,g
2.0,518,0.0,g
2.0,519,0.0,g
2.0,520,0.0,g
2.0,521,0.0,g
2.2,522,0.32,r
2.0,523,0.0,g
2.0,524,0.0,g
2.0,525,0.0,g
2.0,526,0.0,g
2.0,527,0.0,g
2.0,528,0.0,g
2.0,529,0.0,g
2.0,530,0.0,g
2.0,531,0.0,g
2.0,532,0.0,g
2.0,533,0.0,g
2.2,534,0.23,r
2.0,535,0.0,g
2.0,536,0.0,g
2.0,537,0.0,g
2.0,538,0.0,g
2.0,539,0.0,g
2.0,540,0.0,g
2.0,541,0.03,g
2.0,542,0.0,g
2.0,543,0.0,g
2.0,544,0.0,g
2.0,545,0.0,g
2.0,546,0.0,g
2.0,547,0.0,g
2.0,548,0.0,g
2.0,549,0.0,g
2.0,550,0.0,g
2.0,551,0.0,g
2.0,552,0.0,g
2.0,553,0.0,g
2.0,554,0.0,g
2.0,555,0.0,g
2.0,556,0.0,g
2.0,557,0.0,g
2.0,558,0.0,g
2.0,559,0.0,g
2.0,560,0.0,g
2.0,561,0.0,g
2.0,562,0.0,g
2.0,563,0.0,g
2.0,564,0.0,g
2.0,565,0.0,g
2.0,566,0.0,g
2.0,567,0.0,g
2.0,568,0.0,g
2.0,569,0.0,g
2.0,570,0.0,g
2.0,571,0.0,g
2.0,572,0.0,g
2.0,573,0.0,g
2.2,574,0.03,r
2.0,575,0.0,g
2.0,576,0.0,g
2.0,577,0.0,g
2.0,578,0.0,g
2.0,579,0.0,g
2.0,580,0.0,g
2.0,581,0.0,g
2.0,582,0.0,g
2.0,583,0.0,g
2.2,584,0.27,r
2.0,585,0.0,g
2.0,586,0.0,g
2.0,587,0.0,g
2.0,588,0.0,g
2.0,589,0.0,g
2.0,590,0.0,g
2.0,591,0.0,g
2.0,592,0.0,g
2.0,593,0.0,g
2.2,594,0.09,r
2.0,595,0.0,g
2.0,596,0.0,g
2.0,597,0.0,g
2.0,598,0.0,g
2.0,599,0.0,g
2.0,600,0.0,g
2.0,601,0.01,g
2.0,602,0.0,g
2.0,603,0.0,g
2.0,604,0.0,g
2.0,605,0.0,g
2.0,606,0.0,g
2.0,607,0.01,g
2.0,608,0.0,g
2.0,609,0.0,g
2.0,610,0.0,g
2.0,611,0.0,g
2.0,612,0.0,g
2.0,613,0.0,g
2.0,614,0.0,g
2.0,615,0.0,g
2.0,616,0.0,g
2.0,617,0.0,g
2.0,618,0.0,g
2.0,619,0.0,g
2.0,620,0.0,g
2.0,621,0.0,g
2.0,622,0.0,g
2.0,623,0.0,g
2.0,624,0.0,g
2.0,625,0.0,g
2.0,626,0.01,g
2.0,627,0.0,g
2.0,628,0.0,g
2.0,629,0.0,g
2.0,630,0.0,g
2.0,631,0.0,g
2.0,632,0.0,g
2.0,633,0.0,g
2.0,634,0.0,g
2.0,635,0.0,g
2.0,636,0.0,g
2.0,637,0.0,g
2.0,638,0.0,g
2.0,639,0.0,g
2.0,640,0.0,g
2.0,641,0.0,g
2.0,642,0.0,g
2.0,643,0.0,g
2.0,644,0.0,g
2.0,645,0.0,g
2.0,646,0.0,g
2.0,647,0.0,g
2.0,648,0.0,g
2.0,649,0.0,g
2.0,650,0.0,g
2.0,651,0.0,g
2.0,652,0.0,g
2.0,653,0.0,g
2.0,654,0.0,g
2.0,655,0.0,g
2.0,656,0.0,g
2.0,657,0.0,g
2.0,658,0.0,g
2.0,659,0.0,g
2.0,660,0.0,g
2.0,661,0.0,g
2.0,662,0.03,g
2.0,663,0.0,g
2.0,664,0.0,g
2.0,665,0.0,g
2.0,666,0.03,g
2.0,667,0.0,g
2.0,668,0.0,g
2.0,669,0.0,g
2.0,670,0.0,g
2.0,671,0.0,g
2.0,672,0.01,g
2.0,673,0.0,g
2.0,674,0.0,g
2.0,675,0.0,g
2.0,676,0.0,g
2.0,677,0.0,g
2.0,678,0.0,g
2.0,679,0.0,g
2.0,680,0.0,g
2.0,681,0.0,g
2.0,682,0.0,g
2.0,683,0.01,g
2.0,684,0.0,g
2.0,685,0.0,g
2.0,686,0.0,g
2.0,687,0.0,g
2.0,688,0.0,g
2.0,689,0.0,g
2.0,690,0.0,g
2.0,691,0.0,g
2.0,692,0.0,g
2.0,693,0.0,g
2.0,694,0.0,g
2.0,695,0.0,g
2.0,696,0.0,g
2.0,697,0.0,g
2.0,698,0.0,g
2.0,699,0.0,g
2.0,700,0.0,g
2.0,701,0.0,g
2.0,702,0.0,g
2.0,703,0.0,g
2.0,704,0.0,g
2.0,705,0.0,g
2.0,706,0.0,g
2.0,707,0.0,g
2.0,708,0.0,g
2.0,709,0.0,g
2.0,710,0.0,g
2.0,711,0.0,g
2.0,712,0.02,g
2.0,713,0.0,g
2.0,714,0.0,g
2.0,715,0.0,g
2.0,716,0.0,g
2.0,717,0.0,g
2.0,718,0.0,g
2.0,719,0.0,g
2.0,720,0.0,g
2.0,721,0.0,g
2.0,722,0.0,g
2.0,723,0.0,g
2.0,724,0.0,g
2.0,725,0.0,g
2.0,726,0.0,g
2.0,727,0.0,g
2.0,728,0.0,g
2.0,729,0.0,g
2.0,730,0.0,g
2.0,731,0.0,g
2.0,732,0.0,g
2.0,733,0.0,g
2.0,734,0.0,g
2.0,735,0.0,g
2.0,736,0.0,g
2.0,737,0.0,g
2.0,738,0.0,g
2.0,739,0.0,g
2.0,740,0.0,g
2.0,741,0.0,g
2.0,742,0.0,g
2.0,743,0.0,g
2.0,744,0.0,g
2.0,745,0.0,g
2.0,746,0.0,g
2.0,747,0.0,g
2.0,748,0.0,g
2.0,749,0.0,g
2.0,750,0.0,g
2.0,751,0.0,g
2.0,752,0.0,g
2.0,753,0.0,g
2.0,754,0.0,g
2.0,755,0.0,g
2.0,756,0.0,g
2.0,757,0.0,g
2.0,758,0.0,g
2.0,759,0.01,g
2.0,760,0.0,g
2.0,761,0.0,g
2.0,762,0.0,g
2.0,763,0.0,g
2.0,764,0.0,g
2.0,765,0.0,g
2.0,766,0.0,g
2.0,767,0.0,g
2.0,768,0.0,g
2.0,769,0.0,g
2.0,770,0.0,g
2.0,771,0.0,g
2.0,772,0.0,g
2.0,773,0.0,g
2.0,774,0.0,g
2.0,775,0.0,g
2.0,776,0.0,g
2.0,777,0.0,g
2.0,778,0.0,g
2.0,779,0.0,g
2.0,780,0.0,g
2.0,781,0.0,g
2.0,782,0.0,g
2.0,783,0.0,g
2.0,784,0.0,g
2.0,785,0.0,g
2.0,786,0.0,g
2.2,787,0.09,r
2.0,788,0.0,g
2.0,789,0.0,g
2.0,790,0.02,g
2.0,791,0.0,g
2.0,792,0.0,g
2.0,793,0.0,g
2.0,794,0.0,g
2.0,795,0.0,g
2.0,796,0.0,g
2.0,797,0.0,g
2.0,798,0.0,g
2.0,799,0.0,g
2.0,800,0.0,g
2.0,801,0.0,g
2.0,802,0.0,g
2.0,803,0.0,g
2.0,804,0.0,g
2.0,805,0.0,g
2.0,806,0.0,g
2.0,807,0.0,g
2.0,808,0.0,g
2.0,809,0.0,g
2.0,810,0.02,g
2.0,811,0.0,g
2.0,812,0.0,g
2.0,813,0.01,g
2.0,814,0.0,g
2.0,815,0.0,g
2.0,816,0.0,g
2.0,817,0.0,g
2.0,818,0.0,g
2.0,819,0.0,g
2.0,820,0.0,g
2.0,821,0.0,g
2.0,822,0.0,g
2.0,823,0.02,g
2.0,824,0.0,g
2.0,825,0.0,g
2.0,826,0.0,g
3.0,0,0.0,g
3.0,1,0.0,g
3.0,2,0.0,g
3.0,3,0.0,g
3.0,4,0.0,g
3.0,5,0.01,g
3.0,6,0.0,g
3.0,7,0.0,g
3.0,8,0.0,g
3.0,9,0.0,g
3.0,10,0.0,g
3.0,11,0.0,g
3.0,12,0.0,g
3.0,13,0.01,g
3.0,14,0.0,g
3.0,15,0.0,g
3.0,16,0.01,g
3.0,17,0.0,g
3.0,18,0.01,g
3.0,19,0.0,g
3.0,20,0.0,g
3.0,21,0.0,g
3.0,22,0.36,g
3.0,23,0.0,g
3.0,24,0.0,g
3.0,25,0.01,g
3.0,26,0.0,g
3.0,27,0.0,g
3.0,28,0.0,g
3.0,29,0.0,g
3.0,30,0.0,g
3.0,31,0.02,g
3.0,32,0.01,g
3.0,33,0.03,g
3.0,34,0.0,g
3.0,35,0.01,g
3.0,36,0.0,g
3.0,37,0.0,g
3.0,38,0.01,g
3.0,39,0.0,g
3.2,40,0.25,r
3.0,41,0.02,g
3.0,42,0.0,g
3.0,43,0.0,g
3.0,44,0.0,g
3.0,45,0.0,g
3.0,46,0.01,g
3.0,47,0.0,g
3.0,48,0.0,g
3.0,49,0.0,g
3.0,50,0.0,g
3.0,51,0.0,g
3.0,52,0.0,g
3.0,53,0.0,g
3.0,54,0.0,g
3.0,55,0.0,g
3.0,56,0.0,g
3.0,57,0.0,g
3.0,58,0.01,g
3.0,59,0.0,g
3.0,60,0.0,g
3.0,61,0.05,g
3.0,62,0.0,g
3.0,63,0.0,g
3.0,64,0.0,g
3.0,65,0.0,g
3.0,66,0.0,g
3.0,67,0.0,g
3.2,68,0.46,r
3.0,69,0.01,g
3.0,70,0.0,g
3.0,71,0.0,g
3.0,72,0.0,g
3.0,73,0.05,g
3.0,74,0.0,g
3.2,75,0.06,r
3.0,76,0.0,g
3.0,77,0.0,g
3.0,78,0.0,g
3.0,79,0.01,g
3.0,80,0.0,g
3.0,81,0.0,g
3.0,82,0.01,g
3.0,83,0.0,g
3.0,84,0.0,g
3.0,85,0.0,g
3.0,86,0.0,g
3.0,87,0.0,g
3.0,88,0.0,g
3.0,89,0.0,g
3.0,90,0.0,g
3.0,91,0.0,g
3.0,92,0.0,g
3.0,93,0.0,g
3.0,94,0.0,g
3.0,95,0.0,g
3.0,96,0.0,g
3.0,97,0.0,g
3.2,98,0.15,r
3.0,99,0.01,g
3.0,100,0.0,g
3.0,101,0.0,g
3.0,102,0.02,g
3.0,103,0.0,g
3.0,104,0.01,g
3.0,105,0.0,g
3.0,106,0.0,g
3.0,107,0.0,g
3.0,108,0.0,g
3.0,109,0.0,g
3.0,110,0.0,g
3.0,111,0.0,g
3.0,112,0.0,g
3.0,113,0.0,g
3.0,114,0.0,g
3.0,115,0.0,g
3.0,116,0.0,g
3.0,117,0.0,g
3.0,118,0.0,g
3.0,119,0.0,g
3.0,120,0.02,g
3.0,121,0.02,g
3.0,122,0.0,g
3.0,123,0.0,g
3.0,124,0.01,g
3.0,125,0.0,g
3.0,126,0.0,g
3.0,127,0.0,g
3.0,128,0.0,g
3.0,129,0.0,g
3.0,130,0.0,g
3.0,131,0.0,g
3.0,132,0.0,g
3.0,133,0.0,g
3.0,134,0.0,g
3.0,135,0.0,g
3.0,136,0.0,g
3.0,137,0.01,g
3.0,138,0.01,g
3.0,139,0.0,g
3.0,140,0.0,g
3.0,141,0.0,g
3.0,142,0.0,g
3.0,143,0.01,g
3.0,144,0.0,g
3.0,145,0.02,g
3.0,146,0.0,g
3.0,147,0.0,g
3.0,148,0.01,g
3.0,149,0.0,g
3.0,150,0.0,g
3.2,151,0.04,r
3.0,152,0.0,g
3.0,153,0.01,g
3.0,154,0.0,g
3.0,155,0.0,g
3.0,156,0.0,g
3.0,157,0.0,g
3.0,158,0.0,g
3.0,159,0.0,g
3.0,160,0.0,g
3.0,161,0.0,g
3.0,162,0.0,g
3.0,163,0.0,g
3.0,164,0.0,g
3.0,165,0.0,g
3.0,166,0.01,g
3.0,167,0.0,g
3.0,168,0.0,g
3.0,169,0.0,g
3.0,170,0.01,g
3.0,171,0.02,g
3.0,172,0.0,g
3.0,173,0.0,g
3.0,174,0.0,g
3.0,175,0.0,g
3.0,176,0.0,g
3.0,177,0.0,g
3.0,178,0.0,g
3.0,179,0.0,g
3.0,180,0.0,g
3.0,181,0.0,g
3.0,182,0.0,g
3.0,183,0.0,g
3.0,184,0.0,g
3.0,185,0.0,g
3.0,186,0.0,g
3.0,187,0.0,g
3.2,188,0.05,r
3.0,189,0.0,g
3.0,190,0.0,g
3.0,191,0.0,g
3.0,192,0.0,g
3.0,193,0.0,g
3.0,194,0.01,g
3.0,195,0.0,g
3.0,196,0.02,g
3.0,197,0.01,g
3.0,198,0.0,g
3.0,199,0.0,g
3.0,200,0.0,g
3.0,201,0.0,g
3.0,202,0.0,g
3.0,203,0.01,g
3.0,204,0.0,g
3.0,205,0.01,g
3.0,206,0.0,g
3.0,207,0.0,g
3.0,208,0.02,g
3.0,209,0.0,g
3.0,210,0.0,g
3.0,211,0.0,g
3.0,212,0.0,g
3.0,213,0.0,g
3.0,214,0.0,g
3.0,215,0.0,g
3.0,216,0.0,g
3.0,217,0.01,g
3.0,218,0.0,g
3.0,219,0.0,g
3.0,220,0.0,g
3.0,221,0.0,g
3.0,222,0.01,g
3.0,223,0.0,g
3.0,224,0.0,g
3.0,225,0.0,g
3.0,226,0.0,g
3.0,227,0.02,g
3.0,228,0.0,g
3.0,229,0.0,g
3.0,230,0.01,g
3.0,231,0.0,g
3.0,232,0.0,g
3.0,233,0.0,g
3.0,234,0.0,g
3.0,235,0.0,g
3.0,236,0.0,g
3.0,237,0.0,g
3.0,238,0.0,g
3.0,239,0.0,g
3.0,240,0.0,g
3.0,241,0.0,g
3.0,242,0.0,g
3.0,243,0.0,g
3.0,244,0.0,g
3.0,245,0.0,g
3.0,246,0.01,g
3.0,247,0.0,g
3.0,248,0.0,g
3.0,249,0.0,g
3.0,250,0.0,g
3.0,251,0.01,g
3.0,252,0.0,g
3.0,253,0.02,g
3.0,254,0.0,g
3.0,255,0.0,g
3.0,256,0.0,g
3.0,257,0.0,g
3.0,258,0.0,g
3.0,259,0.0,g
3.0,260,0.0,g
3.0,261,0.0,g
3.0,262,0.0,g
3.0,263,0.0,g
3.0,264,0.02,g
3.0,265,0.0,g
3.0,266,0.0,g
3.0,267,0.0,g
3.0,268,0.0,g
3.0,269,0.01,g
3.0,270,0.0,g
3.0,271,0.0,g
3.0,272,0.0,g
3.0,273,0.0,g
3.0,274,0.03,g
3.0,275,0.0,g
3.0,276,0.0,g
3.0,277,0.0,g
3.0,278,0.0,g
3.0,279,0.0,g
3.0,280,0.0,g
3.0,281,0.0,g
3.0,282,0.0,g
3.0,283,0.02,g
3.0,284,0.0,g
3.0,285,0.0,g
3.0,286,0.0,g
3.0,287,0.0,g
3.0,288,0.0,g
3.0,289,0.0,g
3.0,290,0.0,g
3.0,291,0.0,g
3.0,292,0.0,g
3.0,293,0.01,g
3.0,294,0.0,g
3.0,295,0.0,g
3.0,296,0.0,g
3.0,297,0.0,g
3.0,298,0.0,g
3.0,299,0.0,g
3.0,300,0.0,g
3.0,301,0.0,g
3.0,302,0.04,g
3.0,303,0.0,g
3.0,304,0.0,g
3.0,305,0.0,g
3.0,306,0.0,g
3.0,307,0.0,g
3.0,308,0.0,g
3.0,309,0.01,g
3.0,310,0.0,g
3.0,311,0.0,g
3.0,312,0.0,g
3.0,313,0.0,g
3.0,314,0.0,g
3.0,315,0.0,g
3.0,316,0.0,g
3.0,317,0.0,g
3.0,318,0.0,g
3.0,319,0.0,g
3.2,320,0.11,r
3.0,321,0.02,g
3.0,322,0.0,g
3.0,323,0.08,g
3.0,324,0.01,g
3.0,325,0.0,g
3.0,326,0.0,g
3.0,327,0.0,g
3.0,328,0.0,g
3.0,329,0.0,g
3.0,330,0.0,g
3.0,331,0.0,g
3.0,332,0.0,g
3.0,333,0.0,g
3.0,334,0.0,g
3.0,335,0.0,g
3.0,336,0.01,g
3.0,337,0.0,g
3.0,338,0.0,g
3.0,339,0.0,g
3.0,340,0.0,g
3.0,341,0.01,g
3.0,342,0.0,g
3.2,343,0.21,r
3.0,344,0.0,g
3.0,345,0.01,g
3.0,346,0.0,g
3.0,347,0.0,g
3.0,348,0.01,g
3.0,349,0.0,g
3.0,350,0.0,g
3.0,351,0.0,g
3.0,352,0.0,g
3.0,353,0.0,g
3.0,354,0.0,g
3.0,355,0.0,g
3.0,356,0.01,g
3.0,357,0.01,g
3.0,358,0.01,g
3.0,359,0.0,g
3.0,360,0.0,g
3.0,361,0.0,g
3.0,362,0.0,g
3.0,363,0.0,g
3.0,364,0.01,g
3.0,365,0.0,g
3.0,366,0.0,g
3.0,367,0.0,g
3.0,368,0.0,g
3.0,369,0.0,g
3.0,370,0.0,g
3.0,371,0.0,g
3.0,372,0.0,g
3.0,373,0.0,g
3.0,374,0.0,g
3.0,375,0.0,g
3.0,376,0.01,g
3.0,377,0.0,g
3.0,378,0.0,g
3.0,379,0.0,g
3.0,380,0.0,g
3.0,381,0.0,g
3.0,382,0.01,g
3.0,383,0.0,g
3.0,384,0.01,g
3.0,385,0.01,g
3.0,386,0.0,g
3.0,387,0.0,g
3.0,388,0.0,g
3.0,389,0.0,g
3.0,390,0.0,g
3.0,391,0.0,g
3.0,392,0.0,g
3.0,393,0.0,g
3.0,394,0.0,g
3.0,395,0.0,g
3.0,396,0.0,g
3.0,397,0.0,g
3.0,398,0.0,g
3.0,399,0.0,g
3.0,400,0.0,g
3.0,401,0.0,g
3.0,402,0.0,g
3.0,403,0.0,g
3.0,404,0.0,g
3.0,405,0.0,g
3.0,406,0.02,g
3.0,407,0.0,g
3.0,408,0.0,g
3.0,409,0.0,g
3.0,410,0.0,g
3.0,411,0.01,g
3.0,412,0.0,g
3.0,413,0.0,g
3.0,414,0.0,g
3.0,415,0.0,g
3.0,416,0.0,g
3.0,417,0.03,g
3.0,418,0.0,g
3.0,419,0.04,g
3.0,420,0.0,g
3.0,421,0.0,g
3.0,422,0.25,g
3.0,423,0.0,g
3.0,424,0.0,g
3.0,425,0.0,g
3.0,426,0.0,g
3.0,427,0.0,g
3.0,428,0.0,g
3.0,429,0.0,g
3.0,430,0.0,g
3.0,431,0.0,g
3.0,432,0.0,g
3.0,433,0.0,g
3.0,434,0.0,g
3.0,435,0.0,g
3.0,436,0.0,g
3.0,437,0.0,g
3.0,438,0.01,g
3.0,439,0.01,g
3.0,440,0.0,g
3.0,441,0.0,g
3.0,442,0.0,g
3.0,443,0.0,g
3.0,444,0.0,g
3.0,445,0.0,g
3.2,446,0.02,r
3.0,447,0.01,g
3.0,448,0.0,g
3.0,449,0.0,g
3.0,450,0.0,g
3.0,451,0.0,g
3.0,452,0.0,g
3.0,453,0.02,g
3.0,454,0.0,g
3.0,455,0.0,g
3.0,456,0.0,g
3.0,457,0.0,g
3.0,458,0.0,g
3.0,459,0.01,g
3.0,460,0.01,g
3.0,461,0.0,g
3.0,462,0.0,g
3.0,463,0.01,g
3.0,464,0.0,g
3.0,465,0.0,g
3.0,466,0.0,g
3.0,467,0.0,g
3.0,468,0.01,g
3.0,469,0.0,g
3.0,470,0.0,g
3.0,471,0.0,g
3.0,472,0.0,g
3.0,473,0.0,g
3.0,474,0.0,g
3.0,475,0.0,g
3.0,476,0.0,g
3.0,477,0.0,g
3.0,478,0.0,g
3.0,479,0.0,g
3.0,480,0.03,g
3.0,481,0.0,g
3.0,482,0.0,g
3.0,483,0.0,g
3.0,484,0.0,g
3.0,485,0.03,g
3.0,486,0.0,g
3.0,487,0.0,g
3.0,488,0.0,g
3.0,489,0.0,g
3.0,490,0.0,g
3.0,491,0.0,g
3.0,492,0.01,g
3.0,493,0.0,g
3.0,494,0.0,g
3.2,495,0.28,r
3.0,496,0.0,g
3.0,497,0.0,g
3.0,498,0.01,g
3.0,499,0.0,g
3.0,500,0.0,g
3.0,501,0.0,g
3.0,502,0.0,g
3.0,503,0.0,g
3.0,504,0.0,g
3.0,505,0.0,g
3.0,506,0.04,g
3.0,507,0.0,g
3.0,508,0.0,g
3.0,509,0.0,g
3.0,510,0.0,g
3.0,511,0.0,g
3.0,512,0.01,g
3.0,513,0.0,g
3.0,514,0.0,g
3.0,515,0.0,g
3.0,516,0.0,g
3.0,517,0.0,g
3.0,518,0.0,g
3.0,519,0.0,g
3.0,520,0.0,g
3.0,521,0.0,g
3.0,522,0.01,g
3.0,523,0.0,g
3.0,524,0.0,g
3.2,525,0.09,r
3.0,526,0.0,g
3.0,527,0.0,g
3.0,528,0.0,g
3.0,529,0.0,g
3.0,530,0.0,g
3.0,531,0.0,g
3.0,532,0.0,g
3.0,533,0.01,g
3.0,534,0.0,g
3.0,535,0.01,g
3.0,536,0.0,g
3.0,537,0.0,g
3.0,538,0.0,g
3.0,539,0.0,g
3.0,540,0.0,g
3.0,541,0.0,g
3.0,542,0.0,g
3.0,543,0.0,g
3.0,544,0.0,g
3.0,545,0.0,g
3.0,546,0.0,g
3.0,547,0.0,g
3.0,548,0.01,g
3.0,549,0.01,g
3.0,550,0.0,g
3.0,551,0.0,g
3.0,552,0.0,g
3.0,553,0.0,g
3.0,554,0.0,g
3.0,555,0.0,g
3.0,556,0.0,g
3.0,557,0.03,g
3.0,558,0.0,g
3.0,559,0.01,g
3.0,560,0.0,g
3.0,561,0.0,g
3.0,562,0.0,g
3.0,563,0.0,g
3.0,564,0.0,g
3.0,565,0.0,g
3.0,566,0.02,g
3.0,567,0.0,g
3.0,568,0.01,g
3.0,569,0.0,g
3.0,570,0.0,g
3.0,571,0.0,g
3.0,572,0.0,g
3.0,573,0.0,g
3.0,574,0.01,g
3.0,575,0.0,g
3.0,576,0.01,g
3.0,577,0.01,g
3.2,578,0.01,r
3.2,579,0.04,r
3.0,580,0.0,g
3.0,581,0.0,g
3.0,582,0.0,g
3.0,583,0.0,g
3.0,584,0.0,g
3.0,585,0.0,g
3.0,586,0.0,g
3.0,587,0.0,g
3.0,588,0.0,g
3.0,589,0.0,g
3.0,590,0.0,g
3.0,591,0.0,g
3.0,592,0.01,g
3.0,593,0.0,g
3.0,594,0.01,g
3.0,595,0.0,g
3.0,596,0.0,g
3.0,597,0.0,g
3.0,598,0.03,g
3.0,599,0.01,g
3.0,600,0.0,g
3.0,601,0.02,g
3.0,602,0.0,g
3.0,603,0.0,g
3.0,604,0.0,g
3.0,605,0.0,g
3.0,606,0.0,g
3.0,607,0.0,g
3.0,608,0.0,g
3.0,609,0.0,g
3.0,610,0.0,g
3.0,611,0.01,g
3.0,612,0.0,g
3.0,613,0.02,g
3.0,614,0.0,g
3.0,615,0.0,g
3.0,616,0.0,g
3.0,617,0.0,g
3.0,618,0.0,g
3.0,619,0.0,g
3.0,620,0.0,g
3.0,621,0.0,g
3.0,622,0.0,g
3.0,623,0.0,g
3.0,624,0.0,g
3.0,625,0.0,g
3.0,626,0.1,g
3.0,627,0.0,g
3.0,628,0.0,g
3.0,629,0.0,g
3.0,630,0.0,g
3.0,631,0.0,g
3.0,632,0.0,g
3.0,633,0.0,g
3.0,634,0.0,g
3.0,635,0.0,g
3.0,636,0.0,g
3.0,637,0.0,g
3.0,638,0.0,g
3.0,639,0.01,g
3.0,640,0.0,g
3.0,641,0.0,g
3.0,642,0.0,g
3.0,643,0.0,g
3.0,644,0.0,g
3.0,645,0.07,g
3.0,646,0.02,g
3.0,647,0.0,g
3.0,648,0.0,g
3.0,649,0.0,g
3.0,650,0.0,g
3.0,651,0.0,g
3.0,652,0.0,g
3.0,653,0.0,g
3.0,654,0.0,g
3.0,655,0.0,g
3.0,656,0.0,g
3.0,657,0.0,g
3.0,658,0.0,g
3.0,659,0.0,g
3.0,660,0.0,g
3.0,661,0.0,g
3.0,662,0.04,g
3.0,663,0.0,g
3.0,664,0.01,g
3.0,665,0.0,g
3.0,666,0.0,g
3.0,667,0.0,g
3.0,668,0.0,g
3.0,669,0.0,g
3.0,670,0.0,g
3.0,671,0.0,g
3.0,672,0.1,g
3.0,673,0.0,g
3.0,674,0.0,g
3.0,675,0.0,g
3.0,676,0.0,g
3.0,677,0.0,g
3.0,678,0.25,g
3.0,679,0.01,g
3.0,680,0.0,g
3.0,681,0.0,g
3.2,682,0.4,r
3.0,683,0.0,g
3.0,684,0.0,g
3.0,685,0.0,g
3.0,686,0.0,g
3.0,687,0.0,g
3.0,688,0.0,g
3.0,689,0.04,g
3.0,690,0.0,g
3.0,691,0.01,g
3.0,692,0.0,g
3.0,693,0.0,g
3.0,694,0.0,g
3.0,695,0.01,g
3.0,696,0.0,g
3.0,697,0.0,g
3.0,698,0.0,g
3.0,699,0.0,g
3.0,700,0.0,g
3.0,701,0.01,g
3.0,702,0.0,g
3.0,703,0.0,g
3.0,704,0.0,g
3.0,705,0.0,g
3.0,706,0.0,g
3.0,707,0.0,g
3.0,708,0.0,g
3.0,709,0.0,g
3.0,710,0.0,g
3.0,711,0.0,g
3.0,712,0.01,g
3.0,713,0.0,g
3.0,714,0.0,g
3.0,715,0.0,g
3.0,716,0.0,g
3.0,717,0.0,g
3.0,718,0.0,g
3.0,719,0.01,g
3.0,720,0.0,g
3.2,721,0.47,r
3.0,722,0.0,g
3.0,723,0.0,g
3.0,724,0.0,g
3.0,725,0.0,g
3.0,726,0.0,g
3.0,727,0.0,g
3.0,728,0.22,g
3.0,729,0.0,g
3.0,730,0.0,g
3.0,731,0.0,g
3.0,732,0.0,g
3.0,733,0.0,g
3.0,734,0.0,g
3.0,735,0.0,g
3.0,736,0.04,g
3.0,737,0.0,g
3.0,738,0.0,g
3.0,739,0.0,g
3.0,740,0.0,g
3.0,741,0.0,g
3.0,742,0.0,g
3.0,743,0.0,g
3.0,744,0.0,g
3.0,745,0.0,g
3.0,746,0.0,g
3.2,747,0.26,r
3.0,748,0.0,g
3.0,749,0.0,g
3.0,750,0.02,g
3.0,751,0.0,g
3.0,752,0.0,g
3.0,753,0.01,g
3.0,754,0.0,g
3.0,755,0.0,g
3.0,756,0.0,g
3.0,757,0.0,g
3.0,758,0.0,g
3.0,759,0.0,g
3.0,760,0.0,g
3.0,761,0.01,g
3.0,762,0.0,g
3.0,763,0.04,g
3.0,764,0.0,g
3.0,765,0.0,g
3.0,766,0.0,g
3.0,767,0.01,g
3.0,768,0.0,g
3.0,769,0.02,g
3.0,770,0.0,g
3.0,771,0.0,g
3.0,772,0.01,g
3.0,773,0.02,g
3.0,774,0.0,g
3.0,775,0.0,g
3.0,776,0.0,g
3.0,777,0.0,g
3.0,778,0.0,g
3.0,779,0.0,g
3.0,780,0.0,g
3.0,781,0.0,g
3.0,782,0.0,g
3.0,783,0.0,g
3.0,784,0.01,g
3.0,785,0.0,g
3.0,786,0.0,g
3.0,787,0.01,g
3.0,788,0.0,g
3.0,789,0.0,g
3.0,790,0.0,g
3.0,791,0.0,g
3.0,792,0.0,g
3.0,793,0.0,g
3.0,794,0.0,g
3.0,795,0.0,g
3.0,796,0.01,g
3.0,797,0.0,g
3.0,798,0.01,g
3.0,799,0.0,g
3.0,800,0.0,g
3.0,801,0.0,g
3.0,802,0.0,g
3.0,803,0.0,g
3.0,804,0.0,g
3.0,805,0.0,g
3.0,806,0.0,g
3.0,807,0.01,g
3.0,808,0.0,g
3.0,809,0.0,g
3.0,810,0.0,g
3.0,811,0.0,g
3.0,812,0.0,g
3.0,813,0.0,g
3.0,814,0.0,g
3.0,815,0.0,g
3.0,816,0.0,g
3.0,817,0.0,g
3.0,818,0.0,g
3.0,819,0.0,g
3.0,820,0.0,g
3.0,821,0.0,g
3.0,822,0.0,g
3.0,823,0.02,g
3.0,824,0.0,g
3.0,825,0.0,g
3.0,826,0.0,g
4.0,0,0.0,g
4.0,1,0.0,g
4.0,2,0.0,g
4.0,3,0.0,g
4.0,4,0.0,g
4.0,5,0.0,g
4.0,6,0.0,g
4.0,7,0.0,g
4.0,8,0.0,g
4.0,9,0.0,g
4.0,10,0.0,g
4.0,11,0.0,g
4.0,12,0.0,g
4.0,13,0.0,g
4.0,14,0.0,g
4.0,15,0.01,g
4.0,16,0.0,g
4.0,17,0.0,g
4.0,18,0.0,g
4.0,19,0.0,g
4.0,20,0.0,g
4.0,21,0.0,g
4.0,22,0.01,g
4.0,23,0.01,g
4.0,24,0.0,g
4.0,25,0.0,g
4.0,26,0.0,g
4.0,27,0.0,g
4.0,28,0.0,g
4.0,29,0.0,g
4.0,30,0.0,g
4.0,31,0.0,g
4.0,32,0.0,g
4.0,33,0.02,g
4.0,34,0.0,g
4.0,35,0.0,g
4.0,36,0.0,g
4.0,37,0.0,g
4.0,38,0.0,g
4.0,39,0.0,g
4.0,40,0.01,g
4.0,41,0.0,g
4.0,42,0.0,g
4.0,43,0.0,g
4.0,44,0.0,g
4.0,45,0.0,g
4.0,46,0.0,g
4.0,47,0.0,g
4.0,48,0.0,g
4.0,49,0.0,g
4.0,50,0.0,g
4.0,51,0.0,g
4.0,52,0.0,g
4.0,53,0.0,g
4.0,54,0.0,g
4.0,55,0.0,g
4.0,56,0.0,g
4.0,57,0.0,g
4.0,58,0.0,g
4.0,59,0.0,g
4.0,60,0.0,g
4.0,61,0.0,g
4.0,62,0.0,g
4.0,63,0.0,g
4.0,64,0.0,g
4.0,65,0.0,g
4.0,66,0.0,g
4.0,67,0.0,g
4.0,68,0.0,g
4.0,69,0.0,g
4.0,70,0.0,g
4.0,71,0.0,g
4.0,72,0.0,g
4.0,73,0.0,g
4.0,74,0.0,g
4.0,75,0.05,g
4.0,76,0.0,g
4.0,77,0.0,g
4.0,78,0.0,g
4.0,79,0.0,g
4.0,80,0.0,g
4.0,81,0.0,g
4.0,82,0.0,g
4.0,83,0.0,g
4.0,84,0.0,g
4.0,85,0.0,g
4.0,86,0.0,g
4.0,87,0.0,g
4.0,88,0.0,g
4.0,89,0.0,g
4.0,90,0.0,g
4.0,91,0.02,g
4.0,92,0.0,g
4.0,93,0.0,g
4.0,94,0.0,g
4.0,95,0.0,g
4.0,96,0.0,g
4.0,97,0.0,g
4.0,98,0.0,g
4.0,99,0.01,g
4.0,100,0.0,g
4.0,101,0.0,g
4.0,102,0.0,g
4.0,103,0.0,g
4.0,104,0.01,g
4.0,105,0.0,g
4.0,106,0.0,g
4.0,107,0.0,g
4.0,108,0.0,g
4.0,109,0.0,g
4.0,110,0.0,g
4.0,111,0.01,g
4.0,112,0.0,g
4.0,113,0.0,g
4.0,114,0.0,g
4.0,115,0.0,g
4.0,116,0.0,g
4.0,117,0.0,g
4.0,118,0.0,g
4.0,119,0.0,g
4.2,120,0.01,r
4.0,121,0.0,g
4.0,122,0.0,g
4.0,123,0.0,g
4.0,124,0.0,g
4.0,125,0.0,g
4.0,126,0.0,g
4.0,127,0.0,g
4.0,128,0.0,g
4.0,129,0.0,g
4.0,130,0.0,g
4.0,131,0.0,g
4.0,132,0.0,g
4.0,133,0.0,g
4.0,134,0.0,g
4.0,135,0.0,g
4.0,136,0.0,g
4.0,137,0.0,g
4.0,138,0.0,g
4.0,139,0.0,g
4.0,140,0.0,g
4.0,141,0.0,g
4.0,142,0.0,g
4.0,143,0.0,g
4.0,144,0.0,g
4.0,145,0.0,g
4.0,146,0.0,g
4.0,147,0.0,g
4.0,148,0.0,g
4.0,149,0.01,g
4.0,150,0.0,g
4.0,151,0.0,g
4.0,152,0.0,g
4.0,153,0.0,g
4.0,154,0.0,g
4.0,155,0.0,g
4.0,156,0.0,g
4.0,157,0.0,g
4.0,158,0.0,g
4.0,159,0.0,g
4.0,160,0.0,g
4.0,161,0.0,g
4.0,162,0.0,g
4.0,163,0.0,g
4.0,164,0.0,g
4.0,165,0.0,g
4.0,166,0.0,g
4.0,167,0.0,g
4.0,168,0.0,g
4.0,169,0.0,g
4.2,170,0.0,r
4.0,171,0.0,g
4.0,172,0.0,g
4.0,173,0.0,g
4.0,174,0.0,g
4.0,175,0.0,g
4.0,176,0.0,g
4.0,177,0.0,g
4.0,178,0.0,g
4.0,179,0.0,g
4.0,180,0.0,g
4.0,181,0.0,g
4.0,182,0.0,g
4.0,183,0.0,g
4.0,184,0.01,g
4.0,185,0.0,g
4.0,186,0.0,g
4.0,187,0.0,g
4.0,188,0.0,g
4.0,189,0.0,g
4.0,190,0.0,g
4.0,191,0.0,g
4.0,192,0.0,g
4.0,193,0.0,g
4.0,194,0.0,g
4.0,195,0.0,g
4.0,196,0.0,g
4.0,197,0.0,g
4.0,198,0.0,g
4.0,199,0.0,g
4.0,200,0.0,g
4.0,201,0.0,g
4.0,202,0.0,g
4.0,203,0.0,g
4.0,204,0.0,g
4.0,205,0.0,g
4.0,206,0.0,g
4.0,207,0.0,g
4.0,208,0.0,g
4.0,209,0.0,g
4.0,210,0.0,g
4.0,211,0.0,g
4.0,212,0.0,g
4.0,213,0.0,g
4.0,214,0.0,g
4.0,215,0.0,g
4.0,216,0.0,g
4.0,217,0.01,g
4.0,218,0.0,g
4.0,219,0.0,g
4.0,220,0.0,g
4.0,221,0.0,g
4.0,222,0.0,g
4.0,223,0.0,g
4.0,224,0.0,g
4.0,225,0.0,g
4.0,226,0.0,g
4.0,227,0.0,g
4.0,228,0.0,g
4.0,229,0.0,g
4.0,230,0.0,g
4.0,231,0.0,g
4.0,232,0.0,g
4.0,233,0.0,g
4.0,234,0.0,g
4.0,235,0.0,g
4.0,236,0.0,g
4.0,237,0.0,g
4.0,238,0.0,g
4.0,239,0.0,g
4.0,240,0.0,g
4.0,241,0.0,g
4.0,242,0.0,g
4.0,243,0.0,g
4.0,244,0.0,g
4.0,245,0.0,g
4.0,246,0.0,g
4.0,247,0.0,g
4.0,248,0.0,g
4.0,249,0.0,g
4.0,250,0.0,g
4.0,251,0.0,g
4.0,252,0.0,g
4.0,253,0.0,g
4.0,254,0.0,g
4.0,255,0.0,g
4.0,256,0.0,g
4.0,257,0.0,g
4.0,258,0.0,g
4.2,259,0.01,r
4.0,260,0.0,g
4.0,261,0.0,g
4.0,262,0.0,g
4.0,263,0.0,g
4.0,264,0.0,g
4.0,265,0.0,g
4.0,266,0.0,g
4.0,267,0.0,g
4.0,268,0.0,g
4.0,269,0.0,g
4.0,270,0.0,g
4.0,271,0.0,g
4.0,272,0.0,g
4.0,273,0.0,g
4.0,274,0.0,g
4.0,275,0.0,g
4.0,276,0.0,g
4.0,277,0.0,g
4.0,278,0.0,g
4.0,279,0.0,g
4.0,280,0.0,g
4.0,281,0.0,g
4.0,282,0.0,g
4.0,283,0.0,g
4.0,284,0.0,g
4.0,285,0.0,g
4.0,286,0.01,g
4.0,287,0.01,g
4.0,288,0.0,g
4.0,289,0.0,g
4.0,290,0.0,g
4.0,291,0.0,g
4.0,292,0.0,g
4.0,293,0.0,g
4.0,294,0.0,g
4.0,295,0.0,g
4.0,296,0.0,g
4.0,297,0.0,g
4.0,298,0.0,g
4.0,299,0.0,g
4.0,300,0.0,g
4.0,301,0.0,g
4.0,302,0.0,g
4.0,303,0.0,g
4.0,304,0.0,g
4.0,305,0.0,g
4.0,306,0.0,g
4.0,307,0.0,g
4.0,308,0.0,g
4.0,309,0.01,g
4.0,310,0.0,g
4.0,311,0.0,g
4.0,312,0.0,g
4.0,313,0.0,g
4.0,314,0.0,g
4.0,315,0.0,g
4.0,316,0.0,g
4.0,317,0.0,g
4.0,318,0.0,g
4.0,319,0.0,g
4.0,320,0.0,g
4.0,321,0.0,g
4.0,322,0.0,g
4.0,323,0.0,g
4.0,324,0.0,g
4.0,325,0.0,g
4.0,326,0.0,g
4.0,327,0.0,g
4.0,328,0.0,g
4.0,329,0.0,g
4.0,330,0.0,g
4.0,331,0.0,g
4.0,332,0.0,g
4.0,333,0.01,g
4.0,334,0.0,g
4.0,335,0.0,g
4.0,336,0.01,g
4.0,337,0.0,g
4.0,338,0.0,g
4.0,339,0.0,g
4.0,340,0.0,g
4.0,341,0.01,g
4.0,342,0.0,g
4.0,343,0.01,g
4.0,344,0.0,g
4.0,345,0.03,g
4.0,346,0.0,g
4.0,347,0.0,g
4.2,348,0.01,r
4.0,349,0.0,g
4.0,350,0.0,g
4.0,351,0.0,g
4.0,352,0.0,g
4.0,353,0.0,g
4.0,354,0.0,g
4.2,355,0.01,r
4.0,356,0.02,g
4.0,357,0.0,g
4.0,358,0.0,g
4.0,359,0.0,g
4.0,360,0.0,g
4.0,361,0.0,g
4.0,362,0.0,g
4.0,363,0.0,g
4.0,364,0.0,g
4.0,365,0.0,g
4.0,366,0.0,g
4.0,367,0.0,g
4.2,368,0.0,r
4.0,369,0.0,g
4.0,370,0.0,g
4.0,371,0.0,g
4.0,372,0.0,g
4.0,373,0.0,g
4.0,374,0.0,g
4.0,375,0.0,g
4.0,376,0.0,g
4.0,377,0.0,g
4.0,378,0.0,g
4.0,379,0.0,g
4.0,380,0.0,g
4.0,381,0.0,g
4.0,382,0.0,g
4.0,383,0.0,g
4.0,384,0.0,g
4.0,385,0.0,g
4.0,386,0.0,g
4.0,387,0.0,g
4.0,388,0.0,g
4.0,389,0.0,g
4.0,390,0.0,g
4.0,391,0.0,g
4.0,392,0.0,g
4.0,393,0.0,g
4.0,394,0.0,g
4.0,395,0.01,g
4.0,396,0.0,g
4.0,397,0.01,g
4.0,398,0.0,g
4.0,399,0.0,g
4.0,400,0.0,g
4.0,401,0.0,g
4.0,402,0.0,g
4.0,403,0.0,g
4.0,404,0.0,g
4.0,405,0.0,g
4.0,406,0.0,g
4.0,407,0.0,g
4.2,408,0.05,r
4.0,409,0.0,g
4.0,410,0.0,g
4.0,411,0.0,g
4.0,412,0.0,g
4.0,413,0.0,g
4.0,414,0.0,g
4.2,415,0.12,r
4.0,416,0.0,g
4.0,417,0.0,g
4.0,418,0.0,g
4.0,419,0.0,g
4.0,420,0.01,g
4.0,421,0.0,g
4.0,422,0.0,g
4.0,423,0.0,g
4.0,424,0.0,g
4.0,425,0.0,g
4.0,426,0.0,g
4.0,427,0.0,g
4.0,428,0.0,g
4.0,429,0.0,g
4.0,430,0.0,g
4.0,431,0.0,g
4.0,432,0.0,g
4.0,433,0.0,g
4.0,434,0.0,g
4.0,435,0.0,g
4.0,436,0.0,g
4.0,437,0.0,g
4.0,438,0.0,g
4.0,439,0.0,g
4.0,440,0.0,g
4.0,441,0.0,g
4.0,442,0.0,g
4.0,443,0.0,g
4.0,444,0.0,g
4.0,445,0.0,g
4.0,446,0.0,g
4.0,447,0.0,g
4.0,448,0.0,g
4.0,449,0.0,g
4.0,450,0.0,g
4.0,451,0.0,g
4.0,452,0.0,g
4.0,453,0.0,g
4.0,454,0.0,g
4.0,455,0.0,g
4.0,456,0.0,g
4.0,457,0.0,g
4.0,458,0.0,g
4.0,459,0.0,g
4.0,460,0.0,g
4.0,461,0.0,g
4.0,462,0.0,g
4.0,463,0.0,g
4.0,464,0.0,g
4.0,465,0.0,g
4.0,466,0.0,g
4.0,467,0.0,g
4.0,468,0.0,g
4.0,469,0.0,g
4.0,470,0.0,g
4.0,471,0.0,g
4.0,472,0.0,g
4.0,473,0.0,g
4.0,474,0.0,g
4.0,475,0.0,g
4.0,476,0.0,g
4.0,477,0.0,g
4.0,478,0.0,g
4.0,479,0.0,g
4.0,480,0.0,g
4.0,481,0.01,g
4.0,482,0.0,g
4.0,483,0.0,g
4.0,484,0.0,g
4.2,485,0.0,r
4.0,486,0.0,g
4.0,487,0.0,g
4.0,488,0.0,g
4.0,489,0.0,g
4.0,490,0.0,g
4.0,491,0.0,g
4.0,492,0.0,g
4.0,493,0.0,g
4.0,494,0.0,g
4.0,495,0.0,g
4.0,496,0.0,g
4.0,497,0.0,g
4.0,498,0.0,g
4.0,499,0.0,g
4.0,500,0.0,g
4.2,501,0.2,r
4.0,502,0.0,g
4.0,503,0.0,g
4.0,504,0.0,g
4.0,505,0.03,g
4.0,506,0.0,g
4.0,507,0.0,g
4.0,508,0.0,g
4.0,509,0.0,g
4.0,510,0.0,g
4.0,511,0.0,g
4.0,512,0.0,g
4.0,513,0.0,g
4.0,514,0.0,g
4.0,515,0.0,g
4.0,516,0.0,g
4.0,517,0.0,g
4.0,518,0.0,g
4.0,519,0.0,g
4.0,520,0.0,g
4.0,521,0.0,g
4.0,522,0.01,g
4.0,523,0.0,g
4.0,524,0.0,g
4.0,525,0.0,g
4.0,526,0.0,g
4.0,527,0.0,g
4.0,528,0.0,g
4.0,529,0.0,g
4.0,530,0.0,g
4.0,531,0.0,g
4.0,532,0.0,g
4.0,533,0.0,g
4.0,534,0.01,g
4.0,535,0.0,g
4.0,536,0.0,g
4.0,537,0.0,g
4.0,538,0.0,g
4.0,539,0.0,g
4.0,540,0.0,g
4.0,541,0.01,g
4.0,542,0.0,g
4.0,543,0.01,g
4.0,544,0.0,g
4.0,545,0.0,g
4.0,546,0.0,g
4.0,547,0.0,g
4.2,548,0.0,r
4.0,549,0.0,g
4.0,550,0.0,g
4.0,551,0.0,g
4.0,552,0.0,g
4.0,553,0.0,g
4.0,554,0.0,g
4.0,555,0.01,g
4.0,556,0.0,g
4.0,557,0.02,g
4.0,558,0.0,g
4.0,559,0.0,g
4.0,560,0.0,g
4.0,561,0.0,g
4.0,562,0.0,g
4.0,563,0.0,g
4.2,564,0.02,r
4.0,565,0.0,g
4.0,566,0.0,g
4.0,567,0.0,g
4.0,568,0.0,g
4.0,569,0.0,g
4.0,570,0.0,g
4.0,571,0.0,g
4.2,572,0.0,r
4.0,573,0.0,g
4.0,574,0.0,g
4.0,575,0.0,g
4.0,576,0.0,g
4.0,577,0.0,g
4.0,578,0.0,g
4.0,579,0.0,g
4.0,580,0.0,g
4.0,581,0.0,g
4.0,582,0.0,g
4.0,583,0.0,g
4.0,584,0.0,g
4.0,585,0.0,g
4.0,586,0.0,g
4.0,587,0.0,g
4.0,588,0.0,g
4.0,589,0.0,g
4.0,590,0.0,g
4.0,591,0.0,g
4.0,592,0.0,g
4.0,593,0.0,g
4.0,594,0.0,g
4.0,595,0.0,g
4.0,596,0.0,g
4.0,597,0.0,g
4.0,598,0.0,g
4.0,599,0.0,g
4.0,600,0.0,g
4.0,601,0.0,g
4.0,602,0.0,g
4.0,603,0.0,g
4.0,604,0.0,g
4.0,605,0.0,g
4.0,606,0.0,g
4.0,607,0.0,g
4.0,608,0.0,g
4.0,609,0.0,g
4.0,610,0.0,g
4.0,611,0.04,g
4.0,612,0.0,g
4.0,613,0.0,g
4.0,614,0.0,g
4.0,615,0.0,g
4.0,616,0.0,g
4.0,617,0.0,g
4.0,618,0.0,g
4.0,619,0.0,g
4.0,620,0.0,g
4.0,621,0.0,g
4.0,622,0.0,g
4.0,623,0.0,g
4.0,624,0.0,g
4.0,625,0.0,g
4.0,626,0.04,g
4.0,627,0.0,g
4.0,628,0.0,g
4.0,629,0.02,g
4.0,630,0.0,g
4.0,631,0.0,g
4.0,632,0.0,g
4.0,633,0.0,g
4.0,634,0.0,g
4.0,635,0.0,g
4.0,636,0.0,g
4.0,637,0.0,g
4.0,638,0.0,g
4.0,639,0.0,g
4.0,640,0.0,g
4.0,641,0.0,g
4.0,642,0.0,g
4.0,643,0.0,g
4.0,644,0.0,g
4.0,645,0.01,g
4.0,646,0.01,g
4.0,647,0.0,g
4.0,648,0.0,g
4.0,649,0.0,g
4.0,650,0.0,g
4.0,651,0.0,g
4.0,652,0.0,g
4.0,653,0.0,g
4.0,654,0.0,g
4.0,655,0.0,g
4.0,656,0.0,g
4.0,657,0.0,g
4.0,658,0.0,g
4.0,659,0.01,g
4.0,660,0.0,g
4.0,661,0.0,g
4.0,662,0.0,g
4.0,663,0.0,g
4.0,664,0.0,g
4.0,665,0.0,g
4.0,666,0.0,g
4.0,667,0.0,g
4.0,668,0.0,g
4.0,669,0.0,g
4.0,670,0.0,g
4.0,671,0.0,g
4.0,672,0.0,g
4.0,673,0.0,g
4.0,674,0.0,g
4.0,675,0.0,g
4.0,676,0.0,g
4.0,677,0.0,g
4.0,678,0.0,g
4.0,679,0.0,g
4.0,680,0.0,g
4.0,681,0.0,g
4.0,682,0.02,g
4.0,683,0.0,g
4.0,684,0.0,g
4.0,685,0.0,g
4.0,686,0.0,g
4.0,687,0.0,g
4.0,688,0.0,g
4.0,689,0.0,g
4.0,690,0.0,g
4.0,691,0.0,g
4.0,692,0.0,g
4.0,693,0.0,g
4.0,694,0.0,g
4.0,695,0.0,g
4.0,696,0.0,g
4.0,697,0.0,g
4.0,698,0.0,g
4.0,699,0.0,g
4.0,700,0.0,g
4.0,701,0.0,g
4.0,702,0.0,g
4.0,703,0.0,g
4.0,704,0.0,g
4.0,705,0.0,g
4.0,706,0.0,g
4.0,707,0.0,g
4.0,708,0.0,g
4.0,709,0.0,g
4.0,710,0.0,g
4.0,711,0.0,g
4.0,712,0.0,g
4.0,713,0.0,g
4.0,714,0.0,g
4.0,715,0.0,g
4.0,716,0.0,g
4.0,717,0.0,g
4.0,718,0.0,g
4.0,719,0.0,g
4.0,720,0.0,g
4.0,721,0.0,g
4.0,722,0.0,g
4.0,723,0.0,g
4.0,724,0.0,g
4.0,725,0.0,g
4.0,726,0.0,g
4.0,727,0.0,g
4.0,728,0.01,g
4.0,729,0.0,g
4.0,730,0.01,g
4.0,731,0.0,g
4.0,732,0.0,g
4.0,733,0.0,g
4.0,734,0.0,g
4.0,735,0.0,g
4.0,736,0.0,g
4.0,737,0.0,g
4.0,738,0.0,g
4.0,739,0.0,g
4.0,740,0.0,g
4.0,741,0.0,g
4.0,742,0.0,g
4.0,743,0.0,g
4.0,744,0.0,g
4.0,745,0.0,g
4.0,746,0.0,g
4.0,747,0.0,g
4.0,748,0.0,g
4.0,749,0.0,g
4.0,750,0.0,g
4.0,751,0.0,g
4.0,752,0.0,g
4.0,753,0.0,g
4.0,754,0.0,g
4.0,755,0.0,g
4.0,756,0.0,g
4.0,757,0.01,g
4.0,758,0.0,g
4.0,759,0.0,g
4.0,760,0.0,g
4.0,761,0.0,g
4.0,762,0.0,g
4.0,763,0.0,g
4.0,764,0.0,g
4.0,765,0.0,g
4.0,766,0.0,g
4.0,767,0.0,g
4.0,768,0.0,g
4.0,769,0.0,g
4.0,770,0.0,g
4.0,771,0.0,g
4.0,772,0.0,g
4.0,773,0.0,g
4.0,774,0.0,g
4.0,775,0.0,g
4.0,776,0.0,g
4.0,777,0.0,g
4.0,778,0.0,g
4.0,779,0.0,g
4.0,780,0.0,g
4.0,781,0.0,g
4.0,782,0.0,g
4.0,783,0.0,g
4.0,784,0.0,g
4.0,785,0.0,g
4.0,786,0.0,g
4.0,787,0.0,g
4.0,788,0.0,g
4.0,789,0.0,g
4.0,790,0.01,g
4.0,791,0.0,g
4.0,792,0.0,g
4.0,793,0.0,g
4.0,794,0.0,g
4.0,795,0.0,g
4.0,796,0.0,g
4.0,797,0.0,g
4.0,798,0.0,g
4.0,799,0.0,g
4.0,800,0.0,g
4.0,801,0.0,g
4.0,802,0.01,g
4.0,803,0.0,g
4.0,804,0.0,g
4.0,805,0.0,g
4.0,806,0.0,g
4.0,807,0.0,g
4.0,808,0.0,g
4.0,809,0.0,g
4.0,810,0.0,g
4.0,811,0.0,g
4.0,812,0.0,g
4.0,813,0.0,g
4.0,814,0.0,g
4.0,815,0.0,g
4.0,816,0.0,g
4.0,817,0.0,g
4.0,818,0.0,g
4.0,819,0.0,g
4.0,820,0.0,g
4.0,821,0.0,g
4.0,822,0.0,g
4.0,823,0.01,g
4.0,824,0.0,g
4.0,825,0.0,g
4.0,826,0.0,g
5.0,0,0.0,g
5.0,1,0.0,g
5.0,2,0.0,g
5.0,3,0.0,g
5.0,4,0.0,g
5.0,5,0.0,g
5.0,6,0.0,g
5.0,7,0.0,g
5.0,8,0.0,g
5.0,9,0.0,g
5.0,10,0.0,g
5.0,11,0.0,g
5.0,12,0.0,g
5.0,13,0.0,g
5.0,14,0.0,g
5.0,15,0.0,g
5.0,16,0.0,g
5.0,17,0.0,g
5.0,18,0.0,g
5.0,19,0.0,g
5.0,20,0.0,g
5.0,21,0.0,g
5.0,22,0.0,g
5.2,23,0.01,r
5.0,24,0.0,g
5.0,25,0.0,g
5.0,26,0.0,g
5.0,27,0.0,g
5.0,28,0.0,g
5.0,29,0.0,g
5.0,30,0.0,g
5.0,31,0.01,g
5.0,32,0.0,g
5.2,33,0.26,r
5.0,34,0.0,g
5.0,35,0.0,g
5.0,36,0.0,g
5.0,37,0.0,g
5.0,38,0.0,g
5.0,39,0.0,g
5.0,40,0.0,g
5.0,41,0.0,g
5.0,42,0.0,g
5.0,43,0.0,g
5.0,44,0.0,g
5.0,45,0.0,g
5.0,46,0.0,g
5.0,47,0.0,g
5.0,48,0.0,g
5.0,49,0.0,g
5.0,50,0.0,g
5.0,51,0.0,g
5.0,52,0.0,g
5.0,53,0.0,g
5.0,54,0.0,g
5.0,55,0.0,g
5.0,56,0.0,g
5.0,57,0.0,g
5.0,58,0.0,g
5.0,59,0.0,g
5.0,60,0.0,g
5.0,61,0.0,g
5.0,62,0.0,g
5.0,63,0.0,g
5.0,64,0.0,g
5.0,65,0.0,g
5.0,66,0.0,g
5.0,67,0.0,g
5.0,68,0.0,g
5.2,69,0.02,r
5.0,70,0.0,g
5.0,71,0.0,g
5.0,72,0.0,g
5.0,73,0.04,g
5.0,74,0.01,g
5.0,75,0.0,g
5.0,76,0.0,g
5.0,77,0.0,g
5.0,78,0.0,g
5.0,79,0.0,g
5.0,80,0.0,g
5.0,81,0.0,g
5.0,82,0.0,g
5.0,83,0.0,g
5.0,84,0.0,g
5.0,85,0.0,g
5.0,86,0.0,g
5.0,87,0.0,g
5.0,88,0.0,g
5.0,89,0.0,g
5.0,90,0.0,g
5.0,91,0.0,g
5.0,92,0.0,g
5.0,93,0.01,g
5.0,94,0.0,g
5.0,95,0.0,g
5.0,96,0.0,g
5.0,97,0.0,g
5.0,98,0.0,g
5.0,99,0.0,g
5.0,100,0.0,g
5.0,101,0.0,g
5.0,102,0.0,g
5.0,103,0.0,g
5.0,104,0.0,g
5.0,105,0.0,g
5.0,106,0.0,g
5.0,107,0.0,g
5.2,108,0.6,r
5.0,109,0.0,g
5.0,110,0.0,g
5.0,111,0.0,g
5.0,112,0.0,g
5.0,113,0.0,g
5.0,114,0.0,g
5.0,115,0.0,g
5.0,116,0.0,g
5.0,117,0.0,g
5.0,118,0.0,g
5.0,119,0.0,g
5.0,120,0.0,g
5.0,121,0.1,g
5.0,122,0.0,g
5.0,123,0.0,g
5.0,124,0.0,g
5.0,125,0.0,g
5.2,126,0.25,r
5.0,127,0.0,g
5.2,128,0.0,r
5.0,129,0.0,g
5.0,130,0.0,g
5.0,131,0.0,g
5.0,132,0.0,g
5.0,133,0.0,g
5.0,134,0.0,g
5.0,135,0.0,g
5.0,136,0.0,g
5.2,137,0.12,r
5.0,138,0.0,g
5.0,139,0.0,g
5.0,140,0.0,g
5.0,141,0.0,g
5.0,142,0.0,g
5.0,143,0.0,g
5.0,144,0.0,g
5.0,145,0.0,g
5.0,146,0.0,g
5.0,147,0.0,g
5.2,148,0.06,r
5.0,149,0.0,g
5.0,150,0.0,g
5.0,151,0.0,g
5.0,152,0.0,g
5.0,153,0.0,g
5.0,154,0.0,g
5.0,155,0.0,g
5.0,156,0.0,g
5.0,157,0.0,g
5.0,158,0.0,g
5.0,159,0.0,g
5.0,160,0.0,g
5.0,161,0.0,g
5.0,162,0.0,g
5.0,163,0.0,g
5.0,164,0.0,g
5.0,165,0.0,g
5.2,166,0.03,r
5.0,167,0.0,g
5.0,168,0.0,g
5.0,169,0.0,g
5.0,170,0.0,g
5.0,171,0.02,g
5.0,172,0.0,g
5.0,173,0.0,g
5.0,174,0.0,g
5.0,175,0.0,g
5.0,176,0.0,g
5.0,177,0.0,g
5.2,178,0.17,r
5.0,179,0.0,g
5.0,180,0.0,g
5.0,181,0.0,g
5.0,182,0.0,g
5.0,183,0.0,g
5.2,184,0.63,r
5.0,185,0.0,g
5.0,186,0.0,g
5.0,187,0.0,g
5.0,188,0.01,g
5.0,189,0.0,g
5.0,190,0.02,g
5.0,191,0.0,g
5.0,192,0.0,g
5.0,193,0.0,g
5.0,194,0.0,g
5.2,195,0.61,r
5.0,196,0.0,g
5.0,197,0.0,g
5.0,198,0.0,g
5.0,199,0.0,g
5.0,200,0.0,g
5.0,201,0.0,g
5.0,202,0.0,g
5.0,203,0.0,g
5.0,204,0.0,g
5.0,205,0.0,g
5.0,206,0.0,g
5.0,207,0.0,g
5.0,208,0.02,g
5.0,209,0.0,g
5.0,210,0.0,g
5.0,211,0.0,g
5.0,212,0.0,g
5.0,213,0.0,g
5.0,214,0.0,g
5.0,215,0.0,g
5.0,216,0.0,g
5.0,217,0.0,g
5.0,218,0.0,g
5.0,219,0.0,g
5.0,220,0.0,g
5.0,221,0.0,g
5.0,222,0.0,g
5.0,223,0.0,g
5.0,224,0.0,g
5.0,225,0.0,g
5.0,226,0.0,g
5.0,227,0.0,g
5.0,228,0.0,g
5.0,229,0.0,g
5.0,230,0.0,g
5.0,231,0.0,g
5.0,232,0.0,g
5.0,233,0.0,g
5.0,234,0.0,g
5.0,235,0.0,g
5.0,236,0.0,g
5.0,237,0.0,g
5.0,238,0.0,g
5.0,239,0.0,g
5.0,240,0.0,g
5.0,241,0.0,g
5.0,242,0.0,g
5.0,243,0.0,g
5.0,244,0.0,g
5.0,245,0.0,g
5.0,246,0.0,g
5.2,247,0.0,r
5.0,248,0.0,g
5.0,249,0.0,g
5.0,250,0.0,g
5.0,251,0.0,g
5.0,252,0.0,g
5.0,253,0.0,g
5.0,254,0.0,g
5.0,255,0.0,g
5.0,256,0.0,g
5.0,257,0.0,g
5.0,258,0.0,g
5.0,259,0.0,g
5.0,260,0.0,g
5.0,261,0.0,g
5.0,262,0.0,g
5.0,263,0.0,g
5.0,264,0.0,g
5.0,265,0.0,g
5.0,266,0.0,g
5.0,267,0.0,g
5.0,268,0.0,g
5.0,269,0.0,g
5.0,270,0.0,g
5.0,271,0.0,g
5.0,272,0.0,g
5.0,273,0.0,g
5.0,274,0.01,g
5.0,275,0.0,g
5.0,276,0.0,g
5.0,277,0.0,g
5.0,278,0.0,g
5.0,279,0.0,g
5.0,280,0.0,g
5.0,281,0.0,g
5.0,282,0.0,g
5.0,283,0.0,g
5.0,284,0.0,g
5.0,285,0.0,g
5.0,286,0.0,g
5.0,287,0.0,g
5.0,288,0.0,g
5.0,289,0.0,g
5.0,290,0.0,g
5.0,291,0.0,g
5.0,292,0.0,g
5.0,293,0.0,g
5.0,294,0.0,g
5.0,295,0.0,g
5.0,296,0.0,g
5.0,297,0.0,g
5.0,298,0.0,g
5.0,299,0.0,g
5.0,300,0.0,g
5.0,301,0.0,g
5.0,302,0.0,g
5.0,303,0.0,g
5.0,304,0.0,g
5.0,305,0.0,g
5.0,306,0.0,g
5.0,307,0.0,g
5.0,308,0.0,g
5.2,309,0.42,r
5.0,310,0.0,g
5.0,311,0.0,g
5.0,312,0.0,g
5.0,313,0.0,g
5.0,314,0.0,g
5.0,315,0.0,g
5.0,316,0.0,g
5.0,317,0.0,g
5.0,318,0.0,g
5.0,319,0.0,g
5.0,320,0.0,g
5.0,321,0.0,g
5.0,322,0.0,g
5.0,323,0.0,g
5.0,324,0.0,g
5.0,325,0.0,g
5.0,326,0.0,g
5.0,327,0.0,g
5.0,328,0.0,g
5.0,329,0.0,g
5.0,330,0.0,g
5.0,331,0.0,g
5.0,332,0.0,g
5.0,333,0.0,g
5.0,334,0.0,g
5.0,335,0.0,g
5.0,336,0.0,g
5.0,337,0.0,g
5.0,338,0.0,g
5.0,339,0.0,g
5.0,340,0.0,g
5.0,341,0.0,g
5.0,342,0.0,g
5.0,343,0.02,g
5.0,344,0.0,g
5.0,345,0.0,g
5.0,346,0.0,g
5.0,347,0.0,g
5.0,348,0.0,g
5.0,349,0.0,g
5.0,350,0.0,g
5.0,351,0.0,g
5.0,352,0.0,g
5.0,353,0.0,g
5.0,354,0.0,g
5.0,355,0.0,g
5.0,356,0.0,g
5.0,357,0.0,g
5.0,358,0.0,g
5.0,359,0.0,g
5.0,360,0.0,g
5.0,361,0.0,g
5.0,362,0.0,g
5.0,363,0.0,g
5.0,364,0.01,g
5.0,365,0.0,g
5.0,366,0.0,g
5.0,367,0.0,g
5.0,368,0.0,g
5.0,369,0.0,g
5.0,370,0.0,g
5.0,371,0.0,g
5.0,372,0.0,g
5.0,373,0.0,g
5.0,374,0.0,g
5.0,375,0.0,g
5.2,376,0.0,r
5.0,377,0.0,g
5.0,378,0.0,g
5.0,379,0.0,g
5.0,380,0.0,g
5.0,381,0.0,g
5.0,382,0.0,g
5.0,383,0.0,g
5.0,384,0.0,g
5.0,385,0.0,g
5.0,386,0.0,g
5.0,387,0.0,g
5.0,388,0.0,g
5.0,389,0.0,g
5.0,390,0.0,g
5.0,391,0.0,g
5.0,392,0.0,g
5.0,393,0.0,g
5.0,394,0.0,g
5.0,395,0.0,g
5.0,396,0.0,g
5.2,397,0.03,r
5.0,398,0.0,g
5.0,399,0.0,g
5.0,400,0.0,g
5.0,401,0.0,g
5.0,402,0.0,g
5.0,403,0.0,g
5.0,404,0.0,g
5.0,405,0.0,g
5.0,406,0.01,g
5.0,407,0.0,g
5.0,408,0.0,g
5.0,409,0.0,g
5.0,410,0.0,g
5.0,411,0.0,g
5.0,412,0.0,g
5.0,413,0.0,g
5.0,414,0.0,g
5.0,415,0.0,g
5.0,416,0.0,g
5.2,417,0.01,r
5.0,418,0.0,g
5.0,419,0.01,g
5.0,420,0.0,g
5.0,421,0.0,g
5.0,422,0.0,g
5.0,423,0.0,g
5.0,424,0.0,g
5.0,425,0.0,g
5.0,426,0.0,g
5.0,427,0.0,g
5.0,428,0.0,g
5.0,429,0.0,g
5.0,430,0.0,g
5.0,431,0.0,g
5.0,432,0.0,g
5.0,433,0.0,g
5.0,434,0.0,g
5.0,435,0.0,g
5.0,436,0.0,g
5.0,437,0.0,g
5.0,438,0.0,g
5.2,439,0.0,r
5.0,440,0.0,g
5.0,441,0.0,g
5.0,442,0.0,g
5.0,443,0.0,g
5.0,444,0.0,g
5.0,445,0.0,g
5.0,446,0.0,g
5.0,447,0.02,g
5.0,448,0.0,g
5.0,449,0.0,g
5.0,450,0.0,g
5.0,451,0.0,g
5.0,452,0.0,g
5.0,453,0.0,g
5.0,454,0.0,g
5.0,455,0.0,g
5.0,456,0.0,g
5.0,457,0.0,g
5.2,458,0.19,r
5.0,459,0.0,g
5.0,460,0.0,g
5.0,461,0.0,g
5.0,462,0.0,g
5.0,463,0.0,g
5.0,464,0.0,g
5.0,465,0.0,g
5.0,466,0.0,g
5.0,467,0.0,g
5.0,468,0.0,g
5.2,469,0.0,r
5.0,470,0.0,g
5.0,471,0.0,g
5.0,472,0.0,g
5.0,473,0.0,g
5.0,474,0.0,g
5.0,475,0.0,g
5.0,476,0.0,g
5.0,477,0.0,g
5.0,478,0.0,g
5.0,479,0.0,g
5.0,480,0.0,g
5.2,481,0.4,r
5.0,482,0.0,g
5.0,483,0.0,g
5.0,484,0.0,g
5.0,485,0.0,g
5.0,486,0.0,g
5.0,487,0.0,g
5.0,488,0.0,g
5.0,489,0.0,g
5.0,490,0.0,g
5.0,491,0.0,g
5.2,492,0.09,r
5.0,493,0.0,g
5.0,494,0.0,g
5.0,495,0.0,g
5.0,496,0.0,g
5.0,497,0.0,g
5.0,498,0.0,g
5.0,499,0.0,g
5.0,500,0.0,g
5.0,501,0.01,g
5.0,502,0.0,g
5.2,503,0.04,r
5.0,504,0.0,g
5.0,505,0.0,g
5.0,506,0.02,g
5.0,507,0.0,g
5.0,508,0.0,g
5.0,509,0.0,g
5.0,510,0.0,g
5.0,511,0.0,g
5.0,512,0.0,g
5.0,513,0.0,g
5.0,514,0.0,g
5.0,515,0.0,g
5.0,516,0.0,g
5.0,517,0.0,g
5.0,518,0.0,g
5.0,519,0.0,g
5.0,520,0.0,g
5.0,521,0.0,g
5.2,522,0.02,r
5.0,523,0.0,g
5.0,524,0.0,g
5.0,525,0.0,g
5.0,526,0.0,g
5.0,527,0.0,g
5.0,528,0.0,g
5.0,529,0.0,g
5.0,530,0.0,g
5.0,531,0.0,g
5.0,532,0.0,g
5.0,533,0.0,g
5.0,534,0.0,g
5.0,535,0.0,g
5.0,536,0.0,g
5.0,537,0.0,g
5.0,538,0.0,g
5.0,539,0.0,g
5.0,540,0.0,g
5.0,541,0.0,g
5.0,542,0.0,g
5.2,543,0.52,r
5.0,544,0.0,g
5.2,545,0.09,r
5.0,546,0.0,g
5.0,547,0.0,g
5.0,548,0.0,g
5.0,549,0.0,g
5.0,550,0.0,g
5.0,551,0.0,g
5.0,552,0.0,g
5.0,553,0.0,g
5.0,554,0.0,g
5.0,555,0.0,g
5.0,556,0.0,g
5.0,557,0.02,g
5.0,558,0.0,g
5.0,559,0.0,g
5.0,560,0.0,g
5.0,561,0.0,g
5.0,562,0.0,g
5.2,563,0.04,r
5.0,564,0.0,g
5.0,565,0.0,g
5.0,566,0.0,g
5.0,567,0.0,g
5.0,568,0.0,g
5.0,569,0.0,g
5.0,570,0.0,g
5.0,571,0.0,g
5.0,572,0.0,g
5.0,573,0.0,g
5.0,574,0.0,g
5.0,575,0.0,g
5.0,576,0.0,g
5.0,577,0.0,g
5.0,578,0.0,g
5.0,579,0.0,g
5.0,580,0.0,g
5.2,581,0.01,r
5.0,582,0.0,g
5.0,583,0.0,g
5.0,584,0.0,g
5.0,585,0.0,g
5.0,586,0.0,g
5.0,587,0.0,g
5.0,588,0.0,g
5.0,589,0.0,g
5.0,590,0.0,g
5.0,591,0.0,g
5.0,592,0.0,g
5.0,593,0.0,g
5.0,594,0.0,g
5.0,595,0.0,g
5.0,596,0.0,g
5.0,597,0.01,g
5.0,598,0.0,g
5.0,599,0.0,g
5.0,600,0.0,g
5.0,601,0.0,g
5.0,602,0.0,g
5.0,603,0.0,g
5.0,604,0.0,g
5.0,605,0.0,g
5.0,606,0.0,g
5.0,607,0.0,g
5.0,608,0.0,g
5.0,609,0.0,g
5.0,610,0.0,g
5.0,611,0.01,g
5.0,612,0.0,g
5.2,613,0.0,r
5.0,614,0.0,g
5.0,615,0.0,g
5.0,616,0.0,g
5.0,617,0.0,g
5.0,618,0.0,g
5.0,619,0.0,g
5.0,620,0.0,g
5.0,621,0.0,g
5.0,622,0.0,g
5.0,623,0.0,g
5.0,624,0.0,g
5.0,625,0.0,g
5.0,626,0.0,g
5.0,627,0.0,g
5.0,628,0.0,g
5.2,629,0.29,r
5.0,630,0.0,g
5.0,631,0.0,g
5.0,632,0.0,g
5.0,633,0.0,g
5.0,634,0.0,g
5.0,635,0.0,g
5.0,636,0.0,g
5.0,637,0.0,g
5.0,638,0.0,g
5.0,639,0.0,g
5.0,640,0.0,g
5.0,641,0.0,g
5.0,642,0.0,g
5.0,643,0.0,g
5.0,644,0.0,g
5.0,645,0.01,g
5.0,646,0.02,g
5.0,647,0.0,g
5.0,648,0.0,g
5.0,649,0.0,g
5.0,650,0.0,g
5.0,651,0.0,g
5.0,652,0.0,g
5.0,653,0.0,g
5.0,654,0.0,g
5.0,655,0.0,g
5.0,656,0.0,g
5.0,657,0.0,g
5.0,658,0.0,g
5.2,659,0.05,r
5.0,660,0.0,g
5.0,661,0.0,g
5.0,662,0.0,g
5.0,663,0.0,g
5.0,664,0.0,g
5.0,665,0.0,g
5.0,666,0.0,g
5.0,667,0.0,g
5.0,668,0.0,g
5.0,669,0.0,g
5.0,670,0.0,g
5.0,671,0.0,g
5.0,672,0.0,g
5.0,673,0.0,g
5.0,674,0.0,g
5.0,675,0.0,g
5.0,676,0.0,g
5.0,677,0.0,g
5.0,678,0.0,g
5.0,679,0.0,g
5.0,680,0.0,g
5.0,681,0.0,g
5.0,682,0.0,g
5.0,683,0.0,g
5.0,684,0.0,g
5.0,685,0.0,g
5.0,686,0.0,g
5.2,687,0.26,r
5.0,688,0.0,g
5.0,689,0.0,g
5.0,690,0.0,g
5.0,691,0.0,g
5.0,692,0.0,g
5.0,693,0.0,g
5.0,694,0.0,g
5.0,695,0.0,g
5.0,696,0.0,g
5.0,697,0.0,g
5.0,698,0.0,g
5.0,699,0.0,g
5.0,700,0.0,g
5.0,701,0.0,g
5.0,702,0.0,g
5.0,703,0.0,g
5.0,704,0.0,g
5.0,705,0.0,g
5.0,706,0.0,g
5.0,707,0.0,g
5.0,708,0.0,g
5.0,709,0.0,g
5.0,710,0.0,g
5.0,711,0.0,g
5.0,712,0.0,g
5.0,713,0.0,g
5.0,714,0.0,g
5.0,715,0.0,g
5.0,716,0.0,g
5.0,717,0.0,g
5.2,718,0.08,r
5.0,719,0.0,g
5.0,720,0.0,g
5.0,721,0.0,g
5.0,722,0.0,g
5.2,723,0.05,r
5.0,724,0.02,g
5.0,725,0.0,g
5.0,726,0.0,g
5.0,727,0.0,g
5.0,728,0.0,g
5.0,729,0.0,g
5.2,730,0.62,r
5.0,731,0.0,g
5.0,732,0.0,g
5.0,733,0.0,g
5.0,734,0.0,g
5.0,735,0.0,g
5.0,736,0.03,g
5.0,737,0.0,g
5.0,738,0.0,g
5.0,739,0.0,g
5.0,740,0.0,g
5.0,741,0.0,g
5.0,742,0.0,g
5.0,743,0.0,g
5.0,744,0.0,g
5.0,745,0.0,g
5.0,746,0.0,g
5.0,747,0.0,g
5.0,748,0.0,g
5.0,749,0.0,g
5.0,750,0.0,g
5.0,751,0.0,g
5.0,752,0.0,g
5.0,753,0.0,g
5.0,754,0.0,g
5.0,755,0.0,g
5.0,756,0.0,g
5.0,757,0.0,g
5.0,758,0.0,g
5.0,759,0.0,g
5.0,760,0.0,g
5.0,761,0.0,g
5.0,762,0.0,g
5.0,763,0.0,g
5.0,764,0.0,g
5.0,765,0.0,g
5.0,766,0.0,g
5.2,767,0.5,r
5.0,768,0.0,g
5.0,769,0.0,g
5.0,770,0.0,g
5.0,771,0.0,g
5.0,772,0.0,g
5.0,773,0.0,g
5.0,774,0.0,g
5.0,775,0.0,g
5.0,776,0.0,g
5.0,777,0.0,g
5.0,778,0.0,g
5.0,779,0.0,g
5.0,780,0.0,g
5.0,781,0.0,g
5.0,782,0.0,g
5.0,783,0.0,g
5.0,784,0.0,g
5.0,785,0.01,g
5.0,786,0.0,g
5.0,787,0.0,g
5.0,788,0.0,g
5.2,789,0.51,r
5.0,790,0.0,g
5.0,791,0.0,g
5.0,792,0.0,g
5.0,793,0.0,g
5.0,794,0.0,g
5.0,795,0.0,g
5.0,796,0.0,g
5.0,797,0.0,g
5.0,798,0.0,g
5.0,799,0.0,g
5.0,800,0.0,g
5.0,801,0.0,g
5.0,802,0.0,g
5.0,803,0.0,g
5.0,804,0.0,g
5.0,805,0.0,g
5.0,806,0.0,g
5.0,807,0.0,g
5.0,808,0.0,g
5.0,809,0.0,g
5.0,810,0.0,g
5.0,811,0.0,g
5.0,812,0.0,g
5.0,813,0.0,g
5.0,814,0.0,g
5.0,815,0.0,g
5.0,816,0.0,g
5.0,817,0.0,g
5.0,818,0.0,g
5.0,819,0.0,g
5.0,820,0.0,g
5.0,821,0.0,g
5.0,822,0.0,g
5.0,823,0.0,g
5.0,824,0.0,g
5.0,825,0.0,g
5.0,826,0.0,g
