0,0,0.0,g
0,1,0.03,g
0,2,0.0,g
0,3,0.0,g
0,4,0.0,g
0,5,0.0,g
0,6,0.0,g
0,7,0.0,g
0,8,0.0,g
0,9,0.0,g
0,10,0.0,g
0,11,0.0,g
0,12,0.19,r
0,13,0.0,g
0,14,0.0,g
0,15,0.2,r
0,16,0.0,g
0,17,0.0,g
0,18,0.52,r
0,19,0.0,g
0,20,0.0,g
0,21,0.0,g
0,22,0.0,g
0,23,0.0,g
0,24,0.0,g
0,25,0.0,g
0,26,0.0,g
0,27,0.0,g
0,28,0.01,g
0,29,0.0,g
0,30,0.0,g
0,31,0.0,g
0,32,0.16,r
0,33,0.0,g
0,34,0.0,g
0,35,0.0,g
0,36,0.0,g
0,37,0.0,g
0,38,0.0,g
0,39,0.0,g
0,40,0.0,g
0,41,0.01,g
0,42,0.0,g
0,43,0.0,g
0,44,0.0,g
0,45,0.0,g
0,46,0.0,g
0,47,0.0,g
0,48,0.0,g
0,49,0.0,g
0,50,0.0,g
0,51,0.0,g
0,52,0.0,g
0,53,0.01,g
0,54,0.0,g
0,55,0.0,g
0,56,0.0,g
0,57,0.06,r
0,58,0.0,g
0,59,0.02,g
0,60,0.0,g
0,61,0.0,g
0,62,0.0,g
0,63,0.0,g
0,64,0.02,g
0,65,0.0,g
0,66,0.0,g
0,67,0.42,r
0,68,0.19,r
0,69,0.0,g
0,70,0.0,g
0,71,0.0,g
0,72,0.0,g
0,73,0.0,g
0,74,0.0,g
0,75,0.01,g
0,76,0.0,g
0,77,0.65,r
0,78,0.0,g
0,79,0.0,g
0,80,0.0,g
0,81,0.0,g
0,82,0.0,g
0,83,0.0,g
0,84,0.0,g
0,85,0.26,r
0,86,0.0,g
0,87,0.0,g
0,88,0.0,g
0,89,0.0,g
0,90,0.0,g
0,91,0.37,r
0,92,0.0,g
0,93,0.0,g
0,94,0.0,g
0,95,0.0,g
0,96,0.35,r
0,97,0.0,g
0,98,0.0,g
0,99,0.0,g
0,100,0.0,g
0,101,0.0,g
0,102,0.0,g
0,103,0.0,g
0,104,0.0,g
0,105,0.0,g
0,106,0.0,g
0,107,0.0,g
0,108,0.0,g
0,109,0.0,g
0,110,0.12,g
0,111,0.0,g
0,112,0.0,g
0,113,0.0,g
0,114,0.0,g
0,115,0.0,g
0,116,0.01,g
0,117,0.0,g
0,118,0.0,g
0,119,0.0,g
0,120,0.0,g
0,121,0.0,g
0,122,0.0,g
0,123,0.0,g
0,124,0.0,g
0,125,0.0,g
0,126,0.0,g
0,127,0.0,g
0,128,0.0,g
0,129,0.0,g
0,130,0.0,g
0,131,0.0,g
0,132,0.0,g
0,133,0.0,g
0,134,0.0,g
0,135,0.0,g
0,136,0.0,g
0,137,0.0,g
0,138,0.0,g
0,139,0.0,g
0,140,0.01,g
0,141,0.0,g
0,142,0.0,g
0,143,0.0,g
0,144,0.0,g
0,145,0.0,g
0,146,0.0,g
0,147,0.0,g
0,148,0.0,g
0,149,0.0,g
0,150,0.0,g
0,151,0.0,g
0,152,0.0,g
0,153,0.0,g
0,154,0.0,g
0,155,0.0,g
0,156,0.0,g
0,157,0.0,g
0,158,0.0,g
0,159,0.33,r
0,160,0.0,g
0,161,0.0,g
0,162,0.0,g
0,163,0.0,g
0,164,0.0,g
0,165,0.0,g
0,166,0.0,g
0,167,0.0,g
0,168,0.0,g
0,169,0.0,g
0,170,0.04,g
0,171,0.0,g
0,172,0.0,g
0,173,0.0,g
0,174,0.0,g
0,175,0.0,g
0,176,0.0,g
0,177,0.0,g
0,178,0.0,g
0,179,0.0,g
0,180,0.0,g
0,181,0.0,g
0,182,0.0,g
0,183,0.0,g
0,184,0.0,g
0,185,0.0,g
0,186,0.0,g
0,187,0.0,g
0,188,0.0,g
0,189,0.0,g
0,190,0.0,g
0,191,0.0,g
0,192,0.0,g
0,193,0.0,g
0,194,0.0,g
0,195,0.0,g
0,196,0.0,g
0,197,0.0,g
0,198,0.0,g
0,199,0.0,g
0,200,0.0,g
0,201,0.0,g
0,202,0.0,g
0,203,0.0,g
0,204,0.0,g
0,205,0.0,g
0,206,0.0,g
0,207,0.0,g
0,208,0.0,g
0,209,0.0,g
0,210,0.0,g
0,211,0.0,g
0,212,0.11,g
0,213,0.0,g
0,214,0.0,g
0,215,0.0,g
0,216,0.0,g
0,217,0.02,g
0,218,0.0,g
0,219,0.0,g
0,220,0.0,g
0,221,0.0,g
0,222,0.0,g
0,223,0.01,g
0,224,0.0,g
0,225,0.0,g
0,226,0.0,g
0,227,0.0,g
0,228,0.0,g
0,229,0.0,g
0,230,0.0,g
0,231,0.0,g
0,232,0.0,g
0,233,0.0,g
0,234,0.0,g
0,235,0.01,g
0,236,0.0,g
0,237,0.0,g
0,238,0.0,g
0,239,0.0,g
0,240,0.0,g
0,241,0.0,g
0,242,0.0,g
0,243,0.0,g
0,244,0.0,g
0,245,0.0,g
0,246,0.0,g
0,247,0.0,g
0,248,0.0,g
0,249,0.21,r
0,250,0.0,g
0,251,0.01,g
0,252,0.0,g
0,253,0.17,g
0,254,0.0,g
0,255,0.02,g
0,256,0.0,g
0,257,0.0,g
0,258,0.0,g
0,259,0.0,g
0,260,0.0,g
0,261,0.0,g
0,262,0.0,g
0,263,0.0,g
0,264,0.0,g
0,265,0.0,g
0,266,0.0,g
0,267,0.0,g
0,268,0.0,g
0,269,0.0,g
0,270,0.0,g
0,271,0.0,g
0,272,0.0,g
0,273,0.0,g
0,274,0.0,g
0,275,0.0,g
0,276,0.0,g
0,277,0.0,g
0,278,0.0,g
0,279,0.0,g
0,280,0.0,g
0,281,0.0,g
0,282,0.0,g
0,283,0.0,g
0,284,0.0,g
0,285,0.0,g
0,286,0.0,g
0,287,0.0,g
0,288,0.0,g
0,289,0.0,g
0,290,0.0,g
0,291,0.0,g
0,292,0.0,g
0,293,0.0,g
0,294,0.0,g
0,295,0.0,g
0,296,0.0,g
0,297,0.0,g
0,298,0.03,g
0,299,0.0,g
0,300,0.0,g
0,301,0.0,g
0,302,0.01,g
0,303,0.0,g
0,304,0.0,g
0,305,0.0,g
0,306,0.0,g
0,307,0.0,g
0,308,0.0,g
0,309,0.0,g
0,310,0.0,g
0,311,0.0,g
0,312,0.0,g
0,313,0.03,g
0,314,0.0,g
0,315,0.0,g
0,316,0.0,g
0,317,0.0,g
0,318,0.0,g
0,319,0.0,g
0,320,0.01,g
0,321,0.0,g
0,322,0.0,g
0,323,0.0,g
0,324,0.0,g
0,325,0.0,g
0,326,0.0,g
0,327,0.0,g
0,328,0.0,g
0,329,0.0,g
0,330,0.0,g
0,331,0.0,g
0,332,0.0,g
0,333,0.01,g
0,334,0.0,g
0,335,0.0,g
0,336,0.6,r
0,337,0.0,g
0,338,0.0,g
0,339,0.0,g
0,340,0.0,g
0,341,0.1,g
0,342,0.32,r
0,343,0.0,g
0,344,0.52,r
0,345,0.0,g
0,346,0.0,g
0,347,0.0,g
0,348,0.01,g
0,349,0.0,g
0,350,0.0,g
0,351,0.0,g
0,352,0.0,g
0,353,0.0,g
0,354,0.0,g
0,355,0.0,g
0,356,0.0,g
0,357,0.0,g
0,358,0.0,g
0,359,0.0,g
0,360,0.0,g
0,361,0.0,g
0,362,0.0,g
0,363,0.0,g
0,364,0.0,g
0,365,0.0,g
0,366,0.0,g
0,367,0.0,g
0,368,0.05,g
0,369,0.0,g
0,370,0.0,g
0,371,0.0,g
0,372,0.0,g
0,373,0.0,g
0,374,0.0,g
0,375,0.0,g
0,376,0.0,g
0,377,0.42,r
0,378,0.01,g
0,379,0.0,g
0,380,0.0,g
0,381,0.0,g
0,382,0.01,g
0,383,0.0,g
0,384,0.0,g
0,385,0.0,g
0,386,0.0,g
0,387,0.0,g
0,388,0.0,g
0,389,0.0,g
0,390,0.26,r
0,391,0.0,g
0,392,0.0,g
0,393,0.0,g
0,394,0.0,g
0,395,0.0,g
0,396,0.0,g
0,397,0.0,g
0,398,0.0,g
0,399,0.0,g
0,400,0.0,g
0,401,0.0,g
0,402,0.0,g
0,403,0.0,g
0,404,0.0,g
0,405,0.0,g
0,406,0.0,g
0,407,0.0,g
0,408,0.01,g
0,409,0.0,g
0,410,0.02,g
0,411,0.0,g
0,412,0.0,g
0,413,0.0,g
0,414,0.54,r
0,415,0.0,g
0,416,0.0,g
0,417,0.0,g
0,418,0.0,g
0,419,0.0,g
0,420,0.63,r
0,421,0.0,g
0,422,0.0,g
0,423,0.0,g
0,424,0.0,g
0,425,0.0,g
0,426,0.0,g
0,427,0.0,g
0,428,0.0,g
0,429,0.0,g
0,430,0.0,g
0,431,0.0,g
0,432,0.0,g
0,433,0.0,g
0,434,0.0,g
0,435,0.0,g
0,436,0.0,g
0,437,0.0,g
0,438,0.0,g
0,439,0.0,g
0,440,0.0,g
0,441,0.0,g
0,442,0.0,g
0,443,0.0,g
0,444,0.0,g
0,445,0.0,g
0,446,0.0,g
0,447,0.0,g
0,448,0.0,g
0,449,0.0,g
0,450,0.0,g
0,451,0.0,g
0,452,0.0,g
0,453,0.05,g
0,454,0.0,g
0,455,0.0,g
0,456,0.0,g
0,457,0.0,g
0,458,0.0,g
0,459,0.0,g
0,460,0.0,g
0,461,0.0,g
0,462,0.0,g
0,463,0.51,r
0,464,0.0,g
0,465,0.0,g
0,466,0.0,g
0,467,0.0,g
0,468,0.0,g
0,469,0.0,g
0,470,0.0,g
0,471,0.0,g
0,472,0.0,g
0,473,0.0,g
0,474,0.0,g
0,475,0.0,g
0,476,0.0,g
0,477,0.0,g
0,478,0.01,g
0,479,0.0,g
0,480,0.0,g
0,481,0.0,g
0,482,0.0,g
0,483,0.0,g
0,484,0.0,g
0,485,0.01,g
0,486,0.0,g
0,487,0.0,g
0,488,0.0,g
0,489,0.0,g
0,490,0.0,g
0,491,0.0,g
0,492,0.0,g
0,493,0.0,g
0,494,0.0,g
0,495,0.0,g
0,496,0.0,g
0,497,0.0,g
0,498,0.0,g
0,499,0.0,g
0,500,0.0,g
0,501,0.0,g
0,502,0.0,g
0,503,0.0,g
0,504,0.0,g
0,505,0.01,g
0,506,0.0,g
0,507,0.0,g
0,508,0.0,g
0,509,0.0,g
0,510,0.0,g
0,511,0.0,g
0,512,0.0,g
0,513,0.0,g
0,514,0.0,g
0,515,0.0,g
0,516,0.0,g
0,517,0.0,g
0,518,0.0,g
0,519,0.0,g
0,520,0.0,g
0,521,0.0,g
0,522,0.0,g
0,523,0.0,g
0,524,0.0,g
0,525,0.01,g
0,526,0.0,g
0,527,0.0,g
0,528,0.0,g
0,529,0.0,g
0,530,0.0,g
0,531,0.0,g
0,532,0.0,g
0,533,0.0,g
0,534,0.0,g
0,535,0.0,g
0,536,0.0,g
0,537,0.0,g
0,538,0.0,g
0,539,0.0,g
0,540,0.0,g
0,541,0.01,g
0,542,0.0,g
0,543,0.0,g
0,544,0.0,g
0,545,0.0,g
0,546,0.0,g
0,547,0.0,g
0,548,0.07,g
0,549,0.0,g
0,550,0.0,g
0,551,0.0,g
0,552,0.0,g
0,553,0.34,r
0,554,0.0,g
0,555,0.23,g
0,556,0.0,g
0,557,0.0,g
0,558,0.0,g
0,559,0.0,g
0,560,0.0,g
0,561,0.0,g
0,562,0.0,g
0,563,0.0,g
0,564,0.0,g
0,565,0.0,g
0,566,0.0,g
0,567,0.0,g
0,568,0.0,g
0,569,0.0,g
0,570,0.0,g
0,571,0.0,g
0,572,0.0,g
0,573,0.0,g
0,574,0.0,g
0,575,0.0,g
0,576,0.0,g
0,577,0.0,g
0,578,0.0,g
0,579,0.0,g
0,580,0.0,g
0,581,0.0,g
0,582,0.0,g
0,583,0.0,g
0,584,0.0,g
0,585,0.0,g
0,586,0.0,g
0,587,0.0,g
0,588,0.0,g
0,589,0.0,g
0,590,0.0,g
0,591,0.0,g
0,592,0.0,g
0,593,0.0,g
0,594,0.17,g
0,595,0.0,g
0,596,0.0,g
0,597,0.0,g
0,598,0.0,g
0,599,0.0,g
0,600,0.0,g
0,601,0.0,g
0,602,0.0,g
0,603,0.0,g
0,604,0.0,g
0,605,0.0,g
0,606,0.0,g
0,607,0.13,g
0,608,0.0,g
0,609,0.0,g
0,610,0.0,g
0,611,0.0,g
0,612,0.0,g
0,613,0.0,g
0,614,0.0,g
0,615,0.0,g
0,616,0.0,g
0,617,0.0,g
0,618,0.0,g
0,619,0.0,g
0,620,0.0,g
0,621,0.0,g
0,622,0.0,g
0,623,0.0,g
0,624,0.0,g
0,625,0.0,g
0,626,0.12,g
0,627,0.0,g
0,628,0.0,g
0,629,0.0,g
0,630,0.0,g
0,631,0.0,g
0,632,0.0,g
0,633,0.0,g
0,634,0.0,g
0,635,0.0,g
0,636,0.0,g
0,637,0.0,g
0,638,0.0,g
0,639,0.0,g
0,640,0.0,g
0,641,0.01,g
0,642,0.0,g
0,643,0.0,g
0,644,0.0,g
0,645,0.02,g
0,646,0.02,g
0,647,0.0,g
0,648,0.0,g
0,649,0.0,g
0,650,0.0,g
0,651,0.0,g
0,652,0.0,g
0,653,0.0,g
0,654,0.0,g
0,655,0.0,g
0,656,0.08,g
0,657,0.0,g
0,658,0.01,g
0,659,0.0,g
0,660,0.0,g
0,661,0.0,g
0,662,0.01,g
0,663,0.0,g
0,664,0.0,g
0,665,0.0,g
0,666,0.0,g
0,667,0.05,g
0,668,0.0,g
0,669,0.0,g
0,670,0.0,g
0,671,0.0,g
0,672,0.0,g
0,673,0.0,g
0,674,0.0,g
0,675,0.0,g
0,676,0.0,g
0,677,0.0,g
0,678,0.0,g
0,679,0.03,g
0,680,0.0,g
0,681,0.0,g
0,682,0.0,g
0,683,0.0,g
0,684,0.0,g
0,685,0.0,g
0,686,0.0,g
0,687,0.0,g
0,688,0.0,g
0,689,0.0,g
0,690,0.0,g
0,691,0.0,g
0,692,0.0,g
0,693,0.03,g
0,694,0.0,g
0,695,0.28,r
0,696,0.0,g
0,697,0.0,g
0,698,0.0,g
0,699,0.0,g
0,700,0.0,g
0,701,0.0,g
0,702,0.0,g
0,703,0.0,g
0,704,0.0,g
0,705,0.0,g
0,706,0.0,g
0,707,0.0,g
0,708,0.0,g
0,709,0.01,g
0,710,0.01,g
0,711,0.0,g
0,712,0.35,r
0,713,0.0,g
0,714,0.0,g
0,715,0.0,g
0,716,0.0,g
0,717,0.0,g
0,718,0.0,g
0,719,0.0,g
0,720,0.0,r
0,721,0.0,g
0,722,0.0,g
0,723,0.0,g
0,724,0.0,g
0,725,0.0,g
0,726,0.0,g
0,727,0.0,g
0,728,0.0,g
0,729,0.0,g
0,730,0.0,g
0,731,0.0,g
0,732,0.0,g
0,733,0.0,g
0,734,0.0,g
0,735,0.0,g
0,736,0.0,g
0,737,0.0,g
0,738,0.0,g
0,739,0.0,g
0,740,0.0,g
0,741,0.0,g
0,742,0.0,g
0,743,0.0,g
0,744,0.0,g
0,745,0.0,g
0,746,0.0,g
0,747,0.0,g
0,748,0.0,g
0,749,0.0,g
0,750,0.0,g
0,751,0.0,g
0,752,0.0,g
0,753,0.0,g
0,754,0.0,g
0,755,0.0,g
0,756,0.0,g
0,757,0.0,g
0,758,0.02,r
0,759,0.0,g
0,760,0.0,g
0,761,0.0,g
0,762,0.0,g
0,763,0.0,g
0,764,0.0,g
0,765,0.0,g
0,766,0.0,g
0,767,0.0,g
0,768,0.0,g
0,769,0.03,g
0,770,0.0,g
0,771,0.0,g
0,772,0.0,g
0,773,0.0,g
0,774,0.0,g
0,775,0.0,g
0,776,0.01,g
0,777,0.0,g
0,778,0.0,g
0,779,0.0,g
0,780,0.0,g
0,781,0.0,g
0,782,0.0,g
0,783,0.0,g
0,784,0.0,g
0,785,0.01,g
0,786,0.0,g
0,787,0.0,g
0,788,0.0,g
0,789,0.0,g
0,790,0.11,r
0,791,0.0,g
0,792,0.0,g
0,793,0.0,g
0,794,0.0,g
0,795,0.0,g
0,796,0.0,g
0,797,0.01,g
0,798,0.0,g
0,799,0.0,g
0,800,0.0,g
0,801,0.0,g
0,802,0.0,g
0,803,0.0,g
0,804,0.0,g
0,805,0.0,g
0,806,0.0,g
0,807,0.0,g
0,808,0.0,g
0,809,0.0,g
0,810,0.0,g
0,811,0.0,g
0,812,0.0,g
0,813,0.0,g
0,814,0.0,g
0,815,0.0,g
0,816,0.0,g
0,817,0.0,g
0,818,0.0,g
0,819,0.0,g
0,820,0.0,g
0,821,0.0,g
0,822,0.0,g
0,823,0.0,g
0,824,0.0,g
0,825,0.0,g
0,826,0.17,r
1,0,0.0,g
1,1,0.0,g
1,2,0.0,g
1,3,0.0,g
1,4,0.0,g
1,5,0.0,g
1,6,0.0,g
1,7,0.0,g
1,8,0.0,g
1,9,0.0,g
1,10,0.0,g
1,11,0.0,g
1,12,0.0,g
1,13,0.0,g
1,14,0.0,g
1,15,0.0,g
1,16,0.0,g
1,17,0.0,g
1,18,0.01,g
1,19,0.0,g
1,20,0.0,g
1,21,0.0,g
1,22,0.0,g
1,23,0.0,g
1,24,0.0,g
1,25,0.0,g
1,26,0.0,g
1,27,0.0,g
1,28,0.0,g
1,29,0.0,g
1,30,0.0,g
1,31,0.0,g
1,32,0.0,g
1,33,0.0,g
1,34,0.0,g
1,35,0.0,g
1,36,0.0,g
1,37,0.0,g
1,38,0.0,g
1,39,0.0,g
1,40,0.0,g
1,41,0.0,g
1,42,0.0,g
1,43,0.0,g
1,44,0.0,g
1,45,0.0,g
1,46,0.0,g
1,47,0.0,g
1,48,0.0,g
1,49,0.0,g
1,50,0.0,g
1,51,0.0,g
1,52,0.0,g
1,53,0.0,g
1,54,0.0,g
1,55,0.0,g
1,56,0.0,g
1,57,0.0,g
1,58,0.0,g
1,59,0.0,g
1,60,0.0,g
1,61,0.0,g
1,62,0.0,g
1,63,0.0,g
1,64,0.0,g
1,65,0.0,g
1,66,0.0,g
1,67,0.8,r
1,68,0.02,g
1,69,0.0,g
1,70,0.0,g
1,71,0.0,g
1,72,0.0,g
1,73,0.0,g
1,74,0.0,g
1,75,0.01,g
1,76,0.0,g
1,77,0.0,g
1,78,0.0,g
1,79,0.0,g
1,80,0.0,g
1,81,0.0,g
1,82,0.0,g
1,83,0.0,g
1,84,0.0,g
1,85,0.0,g
1,86,0.0,g
1,87,0.0,g
1,88,0.0,g
1,89,0.0,g
1,90,0.0,g
1,91,0.0,g
1,92,0.0,g
1,93,0.0,g
1,94,0.0,g
1,95,0.0,g
1,96,0.0,g
1,97,0.0,g
1,98,0.0,g
1,99,0.0,g
1,100,0.0,g
1,101,0.0,g
1,102,0.0,g
1,103,0.0,g
1,104,0.0,g
1,105,0.0,g
1,106,0.79,r
1,107,0.0,g
1,108,0.0,g
1,109,0.0,g
1,110,0.09,g
1,111,0.0,g
1,112,0.04,g
1,113,0.0,g
1,114,0.0,g
1,115,0.0,g
1,116,0.0,g
1,117,0.0,g
1,118,0.0,g
1,119,0.0,g
1,120,0.0,g
1,121,0.0,g
1,122,0.0,g
1,123,0.0,g
1,124,0.0,g
1,125,0.0,g
1,126,0.0,g
1,127,0.0,g
1,128,0.0,g
1,129,0.0,g
1,130,0.0,g
1,131,0.0,g
1,132,0.0,g
1,133,0.0,g
1,134,0.0,g
1,135,0.0,g
1,136,0.0,g
1,137,0.0,g
1,138,0.0,g
1,139,0.0,g
1,140,0.0,g
1,141,0.0,g
1,142,0.0,g
1,143,0.0,g
1,144,0.0,g
1,145,0.0,g
1,146,0.0,g
1,147,0.0,g
1,148,0.4,g
1,149,0.0,g
1,150,0.0,g
1,151,0.0,g
1,152,0.0,g
1,153,0.0,g
1,154,0.0,g
1,155,0.0,g
1,156,0.0,g
1,157,0.0,g
1,158,0.0,g
1,159,0.0,g
1,160,0.0,g
1,161,0.0,g
1,162,0.0,g
1,163,0.0,g
1,164,0.0,g
1,165,0.0,g
1,166,0.0,g
1,167,0.0,g
1,168,0.0,g
1,169,0.0,g
1,170,0.0,g
1,171,0.0,g
1,172,0.0,g
1,173,0.0,g
1,174,0.0,g
1,175,0.0,g
1,176,0.0,g
1,177,0.0,g
1,178,0.0,g
1,179,0.0,g
1,180,0.0,g
1,181,0.0,g
1,182,0.0,g
1,183,0.0,g
1,184,0.0,g
1,185,0.0,g
1,186,0.0,g
1,187,0.0,g
1,188,0.0,g
1,189,0.0,g
1,190,0.0,g
1,191,0.0,g
1,192,0.0,g
1,193,0.0,g
1,194,0.0,g
1,195,0.0,g
1,196,0.0,g
1,197,0.0,g
1,198,0.0,g
1,199,0.0,g
1,200,0.0,g
1,201,0.0,g
1,202,0.0,g
1,203,0.0,g
1,204,0.0,g
1,205,0.01,g
1,206,0.0,g
1,207,0.0,g
1,208,0.0,g
1,209,0.0,g
1,210,0.0,g
1,211,0.0,g
1,212,0.0,g
1,213,0.0,g
1,214,0.0,g
1,215,0.0,g
1,216,0.0,g
1,217,0.0,g
1,218,0.0,g
1,219,0.0,g
1,220,0.0,g
1,221,0.0,g
1,222,0.0,g
1,223,0.0,g
1,224,0.0,g
1,225,0.0,g
1,226,0.0,g
1,227,0.0,g
1,228,0.0,g
1,229,0.0,g
1,230,0.0,g
1,231,0.0,g
1,232,0.0,g
1,233,0.0,g
1,234,0.0,g
1,235,0.0,g
1,236,0.0,g
1,237,0.0,g
1,238,0.0,g
1,239,0.0,g
1,240,0.0,g
1,241,0.43,r
1,242,0.0,g
1,243,0.0,g
1,244,0.0,g
1,245,0.0,g
1,246,0.0,g
1,247,0.0,g
1,248,0.0,g
1,249,0.0,g
1,250,0.0,g
1,251,0.0,g
1,252,0.0,g
1,253,0.0,g
1,254,0.0,g
1,255,0.74,r
1,256,0.0,g
1,257,0.0,g
1,258,0.0,g
1,259,0.0,g
1,260,0.0,g
1,261,0.0,g
1,262,0.0,g
1,263,0.0,g
1,264,0.0,g
1,265,0.0,g
1,266,0.0,g
1,267,0.0,g
1,268,0.0,g
1,269,0.0,g
1,270,0.0,g
1,271,0.0,g
1,272,0.0,g
1,273,0.0,g
1,274,0.0,g
1,275,0.0,g
1,276,0.0,g
1,277,0.0,g
1,278,0.0,g
1,279,0.0,g
1,280,0.0,g
1,281,0.0,g
1,282,0.0,g
1,283,0.0,g
1,284,0.0,g
1,285,0.0,g
1,286,0.0,g
1,287,0.0,g
1,288,0.0,g
1,289,0.83,r
1,290,0.0,g
1,291,0.0,g
1,292,0.0,g
1,293,0.0,g
1,294,0.0,g
1,295,0.0,g
1,296,0.0,g
1,297,0.0,g
1,298,0.67,r
1,299,0.0,g
1,300,0.0,g
1,301,0.0,g
1,302,0.0,g
1,303,0.0,g
1,304,0.0,g
1,305,0.0,g
1,306,0.0,g
1,307,0.0,g
1,308,0.0,g
1,309,0.0,g
1,310,0.0,g
1,311,0.0,g
1,312,0.0,g
1,313,0.1,r
1,314,0.0,g
1,315,0.0,g
1,316,0.0,g
1,317,0.0,g
1,318,0.0,g
1,319,0.0,g
1,320,0.01,g
1,321,0.0,g
1,322,0.0,g
1,323,0.0,g
1,324,0.0,g
1,325,0.0,g
1,326,0.0,g
1,327,0.0,g
1,328,0.0,g
1,329,0.0,g
1,330,0.86,r
1,331,0.0,g
1,332,0.0,g
1,333,0.0,g
1,334,0.0,g
1,335,0.0,g
1,336,0.0,g
1,337,0.0,g
1,338,0.0,g
1,339,0.0,g
1,340,0.0,g
1,341,0.09,g
1,342,0.7,r
1,343,0.0,g
1,344,0.0,g
1,345,0.0,g
1,346,0.0,g
1,347,0.0,g
1,348,0.0,g
1,349,0.0,g
1,350,0.0,g
1,351,0.0,g
1,352,0.0,g
1,353,0.0,g
1,354,0.0,g
1,355,0.0,g
1,356,0.7,g
1,357,0.0,g
1,358,0.0,g
1,359,0.0,g
1,360,0.0,g
1,361,0.0,g
1,362,0.0,g
1,363,0.0,g
1,364,0.0,g
1,365,0.84,r
1,366,0.0,g
1,367,0.11,r
1,368,0.0,g
1,369,0.0,g
1,370,0.0,g
1,371,0.0,g
1,372,0.0,g
1,373,0.0,g
1,374,0.0,g
1,375,0.0,g
1,376,0.0,g
1,377,0.0,g
1,378,0.0,g
1,379,0.75,r
1,380,0.0,g
1,381,0.0,g
1,382,0.0,g
1,383,0.0,g
1,384,0.0,g
1,385,0.0,g
1,386,0.0,g
1,387,0.0,g
1,388,0.0,g
1,389,0.0,g
1,390,0.0,g
1,391,0.0,g
1,392,0.0,g
1,393,0.0,g
1,394,0.0,g
1,395,0.0,g
1,396,0.0,g
1,397,0.0,g
1,398,0.0,g
1,399,0.0,g
1,400,0.0,g
1,401,0.0,g
1,402,0.0,g
1,403,0.0,g
1,404,0.0,g
1,405,0.0,g
1,406,0.0,g
1,407,0.0,g
1,408,0.0,g
1,409,0.0,g
1,410,0.0,g
1,411,0.0,g
1,412,0.0,g
1,413,0.0,g
1,414,0.0,g
1,415,0.82,r
1,416,0.0,g
1,417,0.0,g
1,418,0.0,g
1,419,0.0,g
1,420,0.0,g
1,421,0.0,g
1,422,0.0,g
1,423,0.0,g
1,424,0.0,g
1,425,0.0,g
1,426,0.0,g
1,427,0.0,g
1,428,0.0,g
1,429,0.0,g
1,430,0.0,g
1,431,0.0,g
1,432,0.0,g
1,433,0.0,g
1,434,0.0,g
1,435,0.56,r
1,436,0.0,g
1,437,0.0,g
1,438,0.0,g
1,439,0.0,g
1,440,0.0,g
1,441,0.0,g
1,442,0.0,g
1,443,0.0,g
1,444,0.0,g
1,445,0.0,g
1,446,0.0,g
1,447,0.0,g
1,448,0.0,g
1,449,0.0,g
1,450,0.0,g
1,451,0.0,g
1,452,0.0,g
1,453,0.02,g
1,454,0.0,g
1,455,0.0,g
1,456,0.0,g
1,457,0.0,g
1,458,0.0,g
1,459,0.0,g
1,460,0.0,g
1,461,0.0,g
1,462,0.0,g
1,463,0.0,g
1,464,0.0,g
1,465,0.0,g
1,466,0.0,g
1,467,0.0,g
1,468,0.0,g
1,469,0.78,r
1,470,0.0,g
1,471,0.0,g
1,472,0.0,g
1,473,0.0,g
1,474,0.0,g
1,475,0.0,g
1,476,0.0,g
1,477,0.0,g
1,478,0.01,g
1,479,0.0,g
1,480,0.0,g
1,481,0.0,g
1,482,0.0,g
1,483,0.0,g
1,484,0.0,g
1,485,0.0,g
1,486,0.0,g
1,487,0.0,g
1,488,0.0,g
1,489,0.82,r
1,490,0.0,g
1,491,0.0,g
1,492,0.0,g
1,493,0.0,g
1,494,0.0,g
1,495,0.0,g
1,496,0.0,g
1,497,0.0,g
1,498,0.0,g
1,499,0.0,g
1,500,0.82,r
1,501,0.0,g
1,502,0.53,g
1,503,0.0,g
1,504,0.0,g
1,505,0.0,g
1,506,0.0,g
1,507,0.0,g
1,508,0.0,g
1,509,0.0,g
1,510,0.0,g
1,511,0.0,g
1,512,0.0,g
1,513,0.0,g
1,514,0.54,r
1,515,0.0,g
1,516,0.0,g
1,517,0.0,g
1,518,0.0,g
1,519,0.0,g
1,520,0.0,g
1,521,0.0,g
1,522,0.0,g
1,523,0.0,g
1,524,0.0,g
1,525,0.01,g
1,526,0.0,g
1,527,0.0,g
1,528,0.0,g
1,529,0.0,g
1,530,0.0,g
1,531,0.0,g
1,532,0.0,g
1,533,0.0,g
1,534,0.0,g
1,535,0.0,g
1,536,0.0,g
1,537,0.0,g
1,538,0.0,g
1,539,0.0,g
1,540,0.0,g
1,541,0.64,r
1,542,0.0,g
1,543,0.0,g
1,544,0.0,g
1,545,0.0,g
1,546,0.0,g
1,547,0.0,g
1,548,0.0,g
1,549,0.0,g
1,550,0.0,g
1,551,0.0,g
1,552,0.0,g
1,553,0.0,g
1,554,0.0,g
1,555,0.51,r
1,556,0.0,g
1,557,0.0,g
1,558,0.0,g
1,559,0.0,g
1,560,0.0,g
1,561,0.0,g
1,562,0.0,g
1,563,0.0,g
1,564,0.0,g
1,565,0.0,g
1,566,0.0,g
1,567,0.0,g
1,568,0.0,g
1,569,0.0,g
1,570,0.0,g
1,571,0.0,g
1,572,0.01,g
1,573,0.0,g
1,574,0.0,g
1,575,0.0,g
1,576,0.0,g
1,577,0.0,g
1,578,0.0,g
1,579,0.0,g
1,580,0.0,g
1,581,0.0,g
1,582,0.0,g
1,583,0.0,g
1,584,0.0,g
1,585,0.0,g
1,586,0.0,g
1,587,0.0,g
1,588,0.0,g
1,589,0.0,g
1,590,0.0,g
1,591,0.0,g
1,592,0.0,g
1,593,0.0,g
1,594,0.0,g
1,595,0.0,g
1,596,0.0,g
1,597,0.0,g
1,598,0.0,g
1,599,0.0,g
1,600,0.0,g
1,601,0.0,g
1,602,0.0,g
1,603,0.0,g
1,604,0.0,g
1,605,0.0,g
1,606,0.0,g
1,607,0.7,r
1,608,0.0,g
1,609,0.0,g
1,610,0.0,g
1,611,0.01,g
1,612,0.0,g
1,613,0.0,g
1,614,0.0,g
1,615,0.0,g
1,616,0.0,g
1,617,0.0,g
1,618,0.73,r
1,619,0.0,g
1,620,0.0,g
1,621,0.0,g
1,622,0.0,g
1,623,0.0,g
1,624,0.0,g
1,625,0.0,g
1,626,0.81,r
1,627,0.0,g
1,628,0.0,g
1,629,0.01,g
1,630,0.0,g
1,631,0.0,g
1,632,0.0,g
1,633,0.0,g
1,634,0.0,g
1,635,0.0,g
1,636,0.0,g
1,637,0.0,g
1,638,0.0,g
1,639,0.0,g
1,640,0.0,g
1,641,0.0,g
1,642,0.0,g
1,643,0.0,g
1,644,0.0,g
1,645,0.01,g
1,646,0.0,g
1,647,0.0,g
1,648,0.0,g
1,649,0.0,g
1,650,0.0,g
1,651,0.0,g
1,652,0.0,g
1,653,0.0,g
1,654,0.0,g
1,655,0.0,g
1,656,0.0,g
1,657,0.0,g
1,658,0.0,g
1,659,0.0,g
1,660,0.0,g
1,661,0.0,g
1,662,0.68,r
1,663,0.0,g
1,664,0.0,g
1,665,0.0,g
1,666,0.75,r
1,667,0.18,r
1,668,0.0,g
1,669,0.0,g
1,670,0.0,g
1,671,0.0,g
1,672,0.84,r
1,673,0.0,g
1,674,0.0,g
1,675,0.0,g
1,676,0.0,g
1,677,0.0,g
1,678,0.0,g
1,679,0.0,g
1,680,0.0,g
1,681,0.0,g
1,682,0.0,g
1,683,0.85,r
1,684,0.0,g
1,685,0.0,g
1,686,0.0,g
1,687,0.0,g
1,688,0.0,g
1,689,0.0,g
1,690,0.0,g
1,691,0.0,g
1,692,0.0,g
1,693,0.0,g
1,694,0.0,g
1,695,0.0,g
1,696,0.0,g
1,697,0.0,g
1,698,0.0,g
1,699,0.0,g
1,700,0.0,g
1,701,0.0,g
1,702,0.0,g
1,703,0.0,g
1,704,0.0,g
1,705,0.0,g
1,706,0.0,g
1,707,0.0,g
1,708,0.0,g
1,709,0.0,g
1,710,0.0,g
1,711,0.0,g
1,712,0.66,r
1,713,0.0,g
1,714,0.0,g
1,715,0.0,g
1,716,0.0,g
1,717,0.0,g
1,718,0.0,g
1,719,0.0,g
1,720,0.0,g
1,721,0.01,g
1,722,0.0,g
1,723,0.0,g
1,724,0.0,g
1,725,0.85,r
1,726,0.0,g
1,727,0.0,g
1,728,0.02,g
1,729,0.0,g
1,730,0.0,g
1,731,0.0,g
1,732,0.0,g
1,733,0.0,g
1,734,0.0,g
1,735,0.0,g
1,736,0.0,g
1,737,0.0,g
1,738,0.0,g
1,739,0.0,g
1,740,0.0,g
1,741,0.0,g
1,742,0.0,g
1,743,0.0,g
1,744,0.63,r
1,745,0.0,g
1,746,0.0,g
1,747,0.0,g
1,748,0.0,g
1,749,0.0,g
1,750,0.0,g
1,751,0.0,g
1,752,0.0,g
1,753,0.42,r
1,754,0.0,g
1,755,0.0,g
1,756,0.0,g
1,757,0.0,g
1,758,0.0,g
1,759,0.72,r
1,760,0.0,g
1,761,0.0,g
1,762,0.0,g
1,763,0.0,g
1,764,0.08,g
1,765,0.0,g
1,766,0.0,g
1,767,0.0,g
1,768,0.0,g
1,769,0.0,g
1,770,0.0,g
1,771,0.0,g
1,772,0.0,g
1,773,0.0,g
1,774,0.0,g
1,775,0.0,g
1,776,0.0,g
1,777,0.0,g
1,778,0.0,g
1,779,0.0,g
1,780,0.0,g
1,781,0.0,g
1,782,0.0,g
1,783,0.0,g
1,784,0.0,g
1,785,0.0,g
1,786,0.0,g
1,787,0.0,g
1,788,0.0,g
1,789,0.0,g
1,790,0.54,r
1,791,0.0,g
1,792,0.0,g
1,793,0.0,g
1,794,0.0,g
1,795,0.0,g
1,796,0.0,g
1,797,0.0,g
1,798,0.0,g
1,799,0.0,g
1,800,0.0,g
1,801,0.0,g
1,802,0.0,g
1,803,0.0,g
1,804,0.0,g
1,805,0.0,g
1,806,0.0,g
1,807,0.0,g
1,808,0.0,g
1,809,0.0,g
1,810,0.0,g
1,811,0.0,g
1,812,0.0,g
1,813,0.0,g
1,814,0.05,g
1,815,0.0,g
1,816,0.0,g
1,817,0.0,g
1,818,0.0,g
1,819,0.0,g
1,820,0.0,g
1,821,0.0,g
1,822,0.0,g
1,823,0.0,g
1,824,0.0,g
1,825,0.0,g
1,826,0.0,g
2,0,0.0,g
2,1,0.32,r
2,2,0.0,g
2,3,0.0,g
2,4,0.0,g
2,5,0.0,g
2,6,0.0,g
2,7,0.0,g
2,8,0.0,g
2,9,0.0,g
2,10,0.0,g
2,11,0.0,g
2,12,0.0,g
2,13,0.0,g
2,14,0.0,g
2,15,0.69,r
2,16,0.0,g
2,17,0.0,g
2,18,0.72,r
2,19,0.0,g
2,20,0.0,g
2,21,0.0,g
2,22,0.0,g
2,23,0.0,g
2,24,0.0,g
2,25,0.0,g
2,26,0.0,g
2,27,0.0,g
2,28,0.84,r
2,29,0.0,g
2,30,0.0,g
2,31,0.0,g
2,32,0.0,g
2,33,0.0,g
2,34,0.0,g
2,35,0.0,g
2,36,0.0,g
2,37,0.0,g
2,38,0.0,g
2,39,0.0,g
2,40,0.0,g
2,41,0.0,g
2,42,0.0,g
2,43,0.0,g
2,44,0.0,g
2,45,0.0,g
2,46,0.0,g
2,47,0.0,g
2,48,0.0,g
2,49,0.0,g
2,50,0.0,g
2,51,0.0,g
2,52,0.0,g
2,53,0.0,g
2,54,0.0,g
2,55,0.0,g
2,56,0.0,g
2,57,0.0,g
2,58,0.52,r
2,59,0.0,g
2,60,0.0,g
2,61,0.0,g
2,62,0.0,g
2,63,0.0,g
2,64,0.0,g
2,65,0.0,g
2,66,0.0,g
2,67,0.01,g
2,68,0.0,g
2,69,0.0,g
2,70,0.0,g
2,71,0.0,g
2,72,0.0,g
2,73,0.0,g
2,74,0.0,g
2,75,0.0,g
2,76,0.0,g
2,77,0.0,g
2,78,0.0,g
2,79,0.0,g
2,80,0.0,g
2,81,0.0,g
2,82,0.0,g
2,83,0.0,g
2,84,0.0,g
2,85,0.0,g
2,86,0.0,g
2,87,0.0,g
2,88,0.0,g
2,89,0.0,g
2,90,0.0,g
2,91,0.6,r
2,92,0.0,g
2,93,0.0,g
2,94,0.0,g
2,95,0.0,g
2,96,0.0,g
2,97,0.0,g
2,98,0.0,g
2,99,0.86,r
2,100,0.0,g
2,101,0.0,g
2,102,0.0,g
2,103,0.0,g
2,104,0.71,r
2,105,0.0,g
2,106,0.0,g
2,107,0.0,g
2,108,0.0,g
2,109,0.0,g
2,110,0.01,g
2,111,0.0,g
2,112,0.0,g
2,113,0.0,g
2,114,0.0,g
2,115,0.0,g
2,116,0.0,g
2,117,0.0,g
2,118,0.0,g
2,119,0.0,g
2,120,0.0,g
2,121,0.0,g
2,122,0.0,g
2,123,0.0,g
2,124,0.0,g
2,125,0.0,g
2,126,0.0,g
2,127,0.0,g
2,128,0.0,g
2,129,0.0,g
2,130,0.0,g
2,131,0.0,g
2,132,0.0,g
2,133,0.0,g
2,134,0.0,g
2,135,0.0,g
2,136,0.0,g
2,137,0.0,g
2,138,0.0,g
2,139,0.0,g
2,140,0.0,g
2,141,0.49,r
2,142,0.0,g
2,143,0.0,g
2,144,0.0,g
2,145,0.0,g
2,146,0.0,g
2,147,0.0,g
2,148,0.0,g
2,149,0.0,g
2,150,0.0,g
2,151,0.0,g
2,152,0.0,g
2,153,0.0,g
2,154,0.0,g
2,155,0.0,g
2,156,0.0,g
2,157,0.0,g
2,158,0.0,g
2,159,0.0,g
2,160,0.0,g
2,161,0.0,g
2,162,0.0,g
2,163,0.0,g
2,164,0.0,g
2,165,0.0,g
2,166,0.0,g
2,167,0.0,g
2,168,0.0,g
2,169,0.0,g
2,170,0.0,g
2,171,0.0,g
2,172,0.0,g
2,173,0.0,g
2,174,0.0,g
2,175,0.0,g
2,176,0.0,g
2,177,0.0,g
2,178,0.0,g
2,179,0.0,g
2,180,0.0,g
2,181,0.0,g
2,182,0.0,g
2,183,0.0,g
2,184,0.0,g
2,185,0.8,r
2,186,0.0,g
2,187,0.0,g
2,188,0.0,g
2,189,0.0,g
2,190,0.02,g
2,191,0.0,g
2,192,0.0,g
2,193,0.0,g
2,194,0.0,g
2,195,0.0,g
2,196,0.0,g
2,197,0.0,g
2,198,0.0,g
2,199,0.0,g
2,200,0.0,g
2,201,0.0,g
2,202,0.0,g
2,203,0.0,g
2,204,0.0,g
2,205,0.01,g
2,206,0.0,g
2,207,0.0,g
2,208,0.0,g
2,209,0.0,g
2,210,0.0,g
2,211,0.0,g
2,212,0.0,g
2,213,0.0,g
2,214,0.0,g
2,215,0.0,g
2,216,0.0,g
2,217,0.57,r
2,218,0.0,g
2,219,0.0,g
2,220,0.0,g
2,221,0.0,g
2,222,0.0,g
2,223,0.0,g
2,224,0.0,g
2,225,0.0,g
2,226,0.0,g
2,227,0.0,g
2,228,0.0,g
2,229,0.0,g
2,230,0.0,g
2,231,0.0,g
2,232,0.0,g
2,233,0.0,g
2,234,0.0,g
2,235,0.0,g
2,236,0.0,g
2,237,0.0,g
2,238,0.0,g
2,239,0.0,g
2,240,0.0,g
2,241,0.0,g
2,242,0.0,g
2,243,0.0,g
2,244,0.0,g
2,245,0.0,g
2,246,0.0,g
2,247,0.0,g
2,248,0.0,g
2,249,0.0,g
2,250,0.0,g
2,251,0.54,r
2,252,0.0,g
2,253,0.55,r
2,254,0.0,g
2,255,0.0,g
2,256,0.0,g
2,257,0.0,g
2,258,0.0,g
2,259,0.0,g
2,260,0.0,g
2,261,0.0,g
2,262,0.0,g
2,263,0.0,g
2,264,0.0,g
2,265,0.0,g
2,266,0.0,g
2,267,0.0,g
2,268,0.0,g
2,269,0.0,g
2,270,0.0,g
2,271,0.0,g
2,272,0.0,g
2,273,0.0,g
2,274,0.0,g
2,275,0.0,g
2,276,0.0,g
2,277,0.0,g
2,278,0.0,g
2,279,0.12,r
2,280,0.0,g
2,281,0.0,g
2,282,0.0,g
2,283,0.0,g
2,284,0.0,g
2,285,0.0,g
2,286,0.0,g
2,287,0.0,g
2,288,0.0,g
2,289,0.01,g
2,290,0.0,g
2,291,0.0,g
2,292,0.0,g
2,293,0.55,r
2,294,0.0,g
2,295,0.0,g
2,296,0.0,g
2,297,0.0,g
2,298,0.02,g
2,299,0.0,g
2,300,0.0,g
2,301,0.0,g
2,302,0.91,r
2,303,0.0,g
2,304,0.0,g
2,305,0.0,g
2,306,0.0,g
2,307,0.0,g
2,308,0.0,g
2,309,0.0,g
2,310,0.0,g
2,311,0.0,g
2,312,0.0,g
2,313,0.01,g
2,314,0.0,g
2,315,0.0,g
2,316,0.0,g
2,317,0.0,g
2,318,0.0,g
2,319,0.0,g
2,320,0.0,g
2,321,0.0,g
2,322,0.0,g
2,323,0.0,g
2,324,0.0,g
2,325,0.0,g
2,326,0.0,g
2,327,0.0,g
2,328,0.0,g
2,329,0.0,g
2,330,0.01,g
2,331,0.0,g
2,332,0.0,g
2,333,0.0,g
2,334,0.0,g
2,335,0.0,g
2,336,0.0,g
2,337,0.0,g
2,338,0.0,g
2,339,0.0,g
2,340,0.0,g
2,341,0.06,r
2,342,0.05,g
2,343,0.0,g
2,344,0.0,g
2,345,0.87,r
2,346,0.0,g
2,347,0.0,g
2,348,0.0,g
2,349,0.0,g
2,350,0.0,g
2,351,0.0,g
2,352,0.0,g
2,353,0.75,r
2,354,0.0,g
2,355,0.0,g
2,356,0.02,g
2,357,0.0,g
2,358,0.0,g
2,359,0.0,g
2,360,0.0,g
2,361,0.0,g
2,362,0.0,g
2,363,0.0,g
2,364,0.0,g
2,365,0.0,g
2,366,0.0,g
2,367,0.01,g
2,368,0.0,g
2,369,0.0,g
2,370,0.0,g
2,371,0.0,g
2,372,0.0,g
2,373,0.0,g
2,374,0.0,g
2,375,0.0,g
2,376,0.0,g
2,377,0.0,g
2,378,0.0,g
2,379,0.0,g
2,380,0.0,g
2,381,0.0,g
2,382,0.78,r
2,383,0.0,g
2,384,0.66,r
2,385,0.0,g
2,386,0.0,g
2,387,0.0,g
2,388,0.0,g
2,389,0.0,g
2,390,0.0,g
2,391,0.0,g
2,392,0.0,g
2,393,0.0,g
2,394,0.0,g
2,395,0.0,g
2,396,0.0,g
2,397,0.0,g
2,398,0.0,g
2,399,0.0,g
2,400,0.0,g
2,401,0.0,g
2,402,0.0,g
2,403,0.0,g
2,404,0.0,g
2,405,0.0,g
2,406,0.0,g
2,407,0.0,g
2,408,0.0,g
2,409,0.0,g
2,410,0.0,g
2,411,0.0,g
2,412,0.0,g
2,413,0.0,g
2,414,0.0,g
2,415,0.01,g
2,416,0.0,g
2,417,0.0,g
2,418,0.0,g
2,419,0.0,g
2,420,0.0,g
2,421,0.0,g
2,422,0.0,g
2,423,0.0,g
2,424,0.0,g
2,425,0.0,g
2,426,0.0,g
2,427,0.0,g
2,428,0.0,g
2,429,0.0,g
2,430,0.0,g
2,431,0.0,g
2,432,0.0,g
2,433,0.0,g
2,434,0.0,g
2,435,0.0,g
2,436,0.0,g
2,437,0.0,g
2,438,0.0,g
2,439,0.0,g
2,440,0.0,g
2,441,0.0,g
2,442,0.0,g
2,443,0.0,g
2,444,0.0,g
2,445,0.0,g
2,446,0.0,g
2,447,0.0,g
2,448,0.0,g
2,449,0.0,g
2,450,0.0,g
2,451,0.0,g
2,452,0.0,g
2,453,0.0,g
2,454,0.0,g
2,455,0.0,g
2,456,0.0,g
2,457,0.0,g
2,458,0.0,g
2,459,0.0,g
2,460,0.0,g
2,461,0.0,g
2,462,0.0,g
2,463,0.01,g
2,464,0.0,g
2,465,0.0,g
2,466,0.0,g
2,467,0.0,g
2,468,0.0,g
2,469,0.0,g
2,470,0.0,g
2,471,0.0,g
2,472,0.0,g
2,473,0.0,g
2,474,0.0,g
2,475,0.0,g
2,476,0.0,g
2,477,0.0,g
2,478,0.0,g
2,479,0.0,g
2,480,0.0,g
2,481,0.0,g
2,482,0.0,g
2,483,0.0,g
2,484,0.0,g
2,485,0.28,r
2,486,0.0,g
2,487,0.0,g
2,488,0.0,g
2,489,0.01,g
2,490,0.0,g
2,491,0.0,g
2,492,0.0,g
2,493,0.82,r
2,494,0.0,g
2,495,0.0,g
2,496,0.0,g
2,497,0.0,g
2,498,0.74,r
2,499,0.0,g
2,500,0.0,g
2,501,0.0,g
2,502,0.0,g
2,503,0.0,g
2,504,0.0,g
2,505,0.0,g
2,506,0.0,g
2,507,0.0,g
2,508,0.0,g
2,509,0.0,g
2,510,0.0,g
2,511,0.0,g
2,512,0.0,g
2,513,0.0,g
2,514,0.01,g
2,515,0.0,g
2,516,0.0,g
2,517,0.0,g
2,518,0.0,g
2,519,0.0,g
2,520,0.0,g
2,521,0.0,g
2,522,0.85,r
2,523,0.0,g
2,524,0.0,g
2,525,0.0,g
2,526,0.0,g
2,527,0.0,g
2,528,0.0,g
2,529,0.0,g
2,530,0.0,g
2,531,0.0,g
2,532,0.0,g
2,533,0.0,g
2,534,0.72,r
2,535,0.0,g
2,536,0.0,g
2,537,0.0,g
2,538,0.0,g
2,539,0.0,g
2,540,0.0,g
2,541,0.03,g
2,542,0.0,g
2,543,0.0,g
2,544,0.0,g
2,545,0.0,g
2,546,0.0,g
2,547,0.0,g
2,548,0.0,g
2,549,0.0,g
2,550,0.0,g
2,551,0.0,g
2,552,0.0,g
2,553,0.0,g
2,554,0.0,g
2,555,0.0,g
2,556,0.0,g
2,557,0.0,g
2,558,0.0,g
2,559,0.0,g
2,560,0.0,g
2,561,0.0,g
2,562,0.0,g
2,563,0.0,g
2,564,0.0,g
2,565,0.0,g
2,566,0.0,g
2,567,0.0,g
2,568,0.0,g
2,569,0.0,g
2,570,0.0,g
2,571,0.0,g
2,572,0.0,g
2,573,0.0,g
2,574,0.88,r
2,575,0.0,g
2,576,0.0,g
2,577,0.0,g
2,578,0.0,g
2,579,0.0,g
2,580,0.0,g
2,581,0.0,g
2,582,0.0,g
2,583,0.0,g
2,584,0.9,r
2,585,0.0,g
2,586,0.0,g
2,587,0.0,g
2,588,0.0,g
2,589,0.0,g
2,590,0.0,g
2,591,0.0,g
2,592,0.0,g
2,593,0.0,g
2,594,0.8,r
2,595,0.0,g
2,596,0.0,g
2,597,0.0,g
2,598,0.0,g
2,599,0.0,g
2,600,0.0,g
2,601,0.0,g
2,602,0.0,g
2,603,0.0,g
2,604,0.0,g
2,605,0.0,g
2,606,0.0,g
2,607,0.02,g
2,608,0.0,g
2,609,0.0,g
2,610,0.0,g
2,611,0.0,g
2,612,0.0,g
2,613,0.0,g
2,614,0.0,g
2,615,0.0,g
2,616,0.0,g
2,617,0.0,g
2,618,0.0,g
2,619,0.0,g
2,620,0.0,g
2,621,0.0,g
2,622,0.0,g
2,623,0.0,g
2,624,0.0,g
2,625,0.0,g
2,626,0.02,g
2,627,0.0,g
2,628,0.0,g
2,629,0.0,g
2,630,0.0,g
2,631,0.0,g
2,632,0.0,g
2,633,0.0,g
2,634,0.0,g
2,635,0.0,g
2,636,0.0,g
2,637,0.0,g
2,638,0.0,g
2,639,0.0,g
2,640,0.0,g
2,641,0.0,g
2,642,0.0,g
2,643,0.0,g
2,644,0.0,g
2,645,0.0,g
2,646,0.0,g
2,647,0.0,g
2,648,0.0,g
2,649,0.0,g
2,650,0.0,g
2,651,0.0,g
2,652,0.0,g
2,653,0.0,g
2,654,0.0,g
2,655,0.0,g
2,656,0.0,g
2,657,0.0,g
2,658,0.0,g
2,659,0.0,g
2,660,0.0,g
2,661,0.0,g
2,662,0.06,g
2,663,0.0,g
2,664,0.0,g
2,665,0.0,g
2,666,0.02,g
2,667,0.0,g
2,668,0.0,g
2,669,0.0,g
2,670,0.0,g
2,671,0.0,g
2,672,0.01,g
2,673,0.0,g
2,674,0.0,g
2,675,0.0,g
2,676,0.0,g
2,677,0.0,g
2,678,0.0,g
2,679,0.0,g
2,680,0.0,g
2,681,0.0,g
2,682,0.0,g
2,683,0.0,g
2,684,0.0,g
2,685,0.0,g
2,686,0.0,g
2,687,0.0,g
2,688,0.0,g
2,689,0.0,g
2,690,0.0,g
2,691,0.0,g
2,692,0.0,g
2,693,0.0,g
2,694,0.0,g
2,695,0.0,g
2,696,0.0,g
2,697,0.0,g
2,698,0.0,g
2,699,0.0,g
2,700,0.0,g
2,701,0.0,g
2,702,0.0,g
2,703,0.0,g
2,704,0.0,g
2,705,0.0,g
2,706,0.0,g
2,707,0.0,g
2,708,0.0,g
2,709,0.0,g
2,710,0.0,g
2,711,0.0,g
2,712,0.03,g
2,713,0.0,g
2,714,0.0,g
2,715,0.0,g
2,716,0.0,g
2,717,0.0,g
2,718,0.0,g
2,719,0.0,g
2,720,0.0,g
2,721,0.0,g
2,722,0.0,g
2,723,0.0,g
2,724,0.0,g
2,725,0.01,g
2,726,0.0,g
2,727,0.0,g
2,728,0.0,g
2,729,0.0,g
2,730,0.0,g
2,731,0.0,g
2,732,0.0,g
2,733,0.0,g
2,734,0.0,g
2,735,0.0,g
2,736,0.0,g
2,737,0.0,g
2,738,0.0,g
2,739,0.0,g
2,740,0.0,g
2,741,0.0,g
2,742,0.0,g
2,743,0.0,g
2,744,0.01,g
2,745,0.0,g
2,746,0.0,g
2,747,0.0,g
2,748,0.0,g
2,749,0.0,g
2,750,0.0,g
2,751,0.0,g
2,752,0.0,g
2,753,0.01,g
2,754,0.0,g
2,755,0.0,g
2,756,0.0,g
2,757,0.0,g
2,758,0.0,g
2,759,0.0,g
2,760,0.0,g
2,761,0.0,g
2,762,0.0,g
2,763,0.0,g
2,764,0.01,g
2,765,0.0,g
2,766,0.0,g
2,767,0.0,g
2,768,0.0,g
2,769,0.0,g
2,770,0.0,g
2,771,0.0,g
2,772,0.0,g
2,773,0.0,g
2,774,0.0,g
2,775,0.0,g
2,776,0.0,g
2,777,0.0,g
2,778,0.0,g
2,779,0.0,g
2,780,0.0,g
2,781,0.0,g
2,782,0.0,g
2,783,0.0,g
2,784,0.0,g
2,785,0.0,g
2,786,0.0,g
2,787,0.91,r
2,788,0.0,g
2,789,0.0,g
2,790,0.01,g
2,791,0.0,g
2,792,0.0,g
2,793,0.0,g
2,794,0.0,g
2,795,0.0,g
2,796,0.0,g
2,797,0.0,g
2,798,0.0,g
2,799,0.0,g
2,800,0.0,g
2,801,0.0,g
2,802,0.0,g
2,803,0.0,g
2,804,0.0,g
2,805,0.0,g
2,806,0.0,g
2,807,0.0,g
2,808,0.0,g
2,809,0.0,g
2,810,0.01,g
2,811,0.0,g
2,812,0.0,g
2,813,0.0,g
2,814,0.0,g
2,815,0.0,g
2,816,0.0,g
2,817,0.0,g
2,818,0.0,g
2,819,0.0,g
2,820,0.0,g
2,821,0.0,g
2,822,0.0,g
2,823,0.0,g
2,824,0.0,g
2,825,0.0,g
2,826,0.0,g
3,0,0.0,g
3,1,0.0,g
3,2,0.0,g
3,3,0.0,g
3,4,0.0,g
3,5,0.0,g
3,6,0.0,g
3,7,0.0,g
3,8,0.0,g
3,9,0.0,g
3,10,0.0,g
3,11,0.0,g
3,12,0.0,g
3,13,0.0,g
3,14,0.0,g
3,15,0.0,g
3,16,0.01,g
3,17,0.0,g
3,18,0.02,g
3,19,0.0,g
3,20,0.0,g
3,21,0.0,g
3,22,0.66,g
3,23,0.0,g
3,24,0.0,g
3,25,0.0,g
3,26,0.0,g
3,27,0.0,g
3,28,0.0,g
3,29,0.0,g
3,30,0.0,g
3,31,0.0,g
3,32,0.0,g
3,33,0.0,g
3,34,0.0,g
3,35,0.03,g
3,36,0.0,g
3,37,0.0,g
3,38,0.0,g
3,39,0.0,g
3,40,0.61,r
3,41,0.0,g
3,42,0.0,g
3,43,0.0,g
3,44,0.0,g
3,45,0.0,g
3,46,0.0,g
3,47,0.0,g
3,48,0.0,g
3,49,0.0,g
3,50,0.0,g
3,51,0.0,g
3,52,0.0,g
3,53,0.0,g
3,54,0.0,g
3,55,0.0,g
3,56,0.0,g
3,57,0.0,g
3,58,0.0,g
3,59,0.0,g
3,60,0.0,g
3,61,0.0,g
3,62,0.0,g
3,63,0.0,g
3,64,0.0,g
3,65,0.0,g
3,66,0.0,g
3,67,0.0,g
3,68,0.72,r
3,69,0.0,g
3,70,0.0,g
3,71,0.0,g
3,72,0.0,g
3,73,0.0,g
3,74,0.0,g
3,75,0.51,r
3,76,0.0,g
3,77,0.0,g
3,78,0.0,g
3,79,0.0,g
3,80,0.0,g
3,81,0.0,g
3,82,0.0,g
3,83,0.0,g
3,84,0.0,g
3,85,0.0,g
3,86,0.0,g
3,87,0.0,g
3,88,0.0,g
3,89,0.0,g
3,90,0.0,g
3,91,0.0,g
3,92,0.0,g
3,93,0.0,g
3,94,0.0,g
3,95,0.0,g
3,96,0.0,g
3,97,0.0,g
3,98,0.56,r
3,99,0.0,g
3,100,0.0,g
3,101,0.0,g
3,102,0.0,g
3,103,0.0,g
3,104,0.0,g
3,105,0.0,g
3,106,0.0,g
3,107,0.0,g
3,108,0.0,g
3,109,0.0,g
3,110,0.0,g
3,111,0.0,g
3,112,0.0,g
3,113,0.0,g
3,114,0.0,g
3,115,0.0,g
3,116,0.0,g
3,117,0.0,g
3,118,0.0,g
3,119,0.0,g
3,120,0.0,g
3,121,0.0,g
3,122,0.0,g
3,123,0.0,g
3,124,0.0,g
3,125,0.0,g
3,126,0.0,g
3,127,0.0,g
3,128,0.0,g
3,129,0.0,g
3,130,0.0,g
3,131,0.0,g
3,132,0.0,g
3,133,0.0,g
3,134,0.0,g
3,135,0.0,g
3,136,0.0,g
3,137,0.0,g
3,138,0.0,g
3,139,0.0,g
3,140,0.0,g
3,141,0.0,g
3,142,0.0,g
3,143,0.0,g
3,144,0.0,g
3,145,0.0,g
3,146,0.0,g
3,147,0.0,g
3,148,0.0,g
3,149,0.0,g
3,150,0.0,g
3,151,0.05,r
3,152,0.0,g
3,153,0.0,g
3,154,0.0,g
3,155,0.0,g
3,156,0.0,g
3,157,0.0,g
3,158,0.0,g
3,159,0.0,g
3,160,0.0,g
3,161,0.0,g
3,162,0.0,g
3,163,0.0,g
3,164,0.0,g
3,165,0.0,g
3,166,0.0,g
3,167,0.0,g
3,168,0.0,g
3,169,0.0,g
3,170,0.0,g
3,171,0.0,g
3,172,0.0,g
3,173,0.0,g
3,174,0.0,g
3,175,0.0,g
3,176,0.0,g
3,177,0.0,g
3,178,0.0,g
3,179,0.0,g
3,180,0.0,g
3,181,0.0,g
3,182,0.0,g
3,183,0.0,g
3,184,0.0,g
3,185,0.0,g
3,186,0.0,g
3,187,0.0,g
3,188,0.46,r
3,189,0.0,g
3,190,0.01,g
3,191,0.0,g
3,192,0.0,g
3,193,0.0,g
3,194,0.0,g
3,195,0.0,g
3,196,0.05,g
3,197,0.0,g
3,198,0.0,g
3,199,0.0,g
3,200,0.0,g
3,201,0.0,g
3,202,0.0,g
3,203,0.01,g
3,204,0.0,g
3,205,0.0,g
3,206,0.0,g
3,207,0.0,g
3,208,0.03,g
3,209,0.0,g
3,210,0.0,g
3,211,0.0,g
3,212,0.0,g
3,213,0.0,g
3,214,0.0,g
3,215,0.0,g
3,216,0.0,g
3,217,0.0,g
3,218,0.0,g
3,219,0.0,g
3,220,0.0,g
3,221,0.0,g
3,222,0.0,g
3,223,0.0,g
3,224,0.0,g
3,225,0.0,g
3,226,0.0,g
3,227,0.0,g
3,228,0.0,g
3,229,0.0,g
3,230,0.0,g
3,231,0.0,g
3,232,0.0,g
3,233,0.0,g
3,234,0.0,g
3,235,0.0,g
3,236,0.0,g
3,237,0.0,g
3,238,0.0,g
3,239,0.0,g
3,240,0.0,g
3,241,0.0,g
3,242,0.0,g
3,243,0.0,g
3,244,0.0,g
3,245,0.0,g
3,246,0.0,g
3,247,0.0,g
3,248,0.0,g
3,249,0.0,g
3,250,0.0,g
3,251,0.0,g
3,252,0.0,g
3,253,0.0,g
3,254,0.0,g
3,255,0.0,g
3,256,0.0,g
3,257,0.0,g
3,258,0.0,g
3,259,0.0,g
3,260,0.0,g
3,261,0.0,g
3,262,0.0,g
3,263,0.0,g
3,264,0.0,g
3,265,0.0,g
3,266,0.0,g
3,267,0.0,g
3,268,0.0,g
3,269,0.0,g
3,270,0.0,g
3,271,0.0,g
3,272,0.0,g
3,273,0.0,g
3,274,0.0,g
3,275,0.0,g
3,276,0.0,g
3,277,0.0,g
3,278,0.0,g
3,279,0.0,g
3,280,0.0,g
3,281,0.0,g
3,282,0.0,g
3,283,0.0,g
3,284,0.0,g
3,285,0.0,g
3,286,0.0,g
3,287,0.0,g
3,288,0.0,g
3,289,0.0,g
3,290,0.0,g
3,291,0.0,g
3,292,0.0,g
3,293,0.0,g
3,294,0.0,g
3,295,0.0,g
3,296,0.0,g
3,297,0.0,g
3,298,0.0,g
3,299,0.0,g
3,300,0.0,g
3,301,0.0,g
3,302,0.0,g
3,303,0.0,g
3,304,0.0,g
3,305,0.0,g
3,306,0.0,g
3,307,0.0,g
3,308,0.0,g
3,309,0.0,g
3,310,0.0,g
3,311,0.0,g
3,312,0.0,g
3,313,0.0,g
3,314,0.0,g
3,315,0.0,g
3,316,0.0,g
3,317,0.0,g
3,318,0.0,g
3,319,0.0,g
3,320,0.5,r
3,321,0.0,g
3,322,0.0,g
3,323,0.02,g
3,324,0.0,g
3,325,0.0,g
3,326,0.0,g
3,327,0.0,g
3,328,0.0,g
3,329,0.0,g
3,330,0.0,g
3,331,0.0,g
3,332,0.0,g
3,333,0.0,g
3,334,0.0,g
3,335,0.0,g
3,336,0.0,g
3,337,0.0,g
3,338,0.0,g
3,339,0.0,g
3,340,0.0,g
3,341,0.01,g
3,342,0.0,g
3,343,0.53,r
3,344,0.0,g
3,345,0.0,g
3,346,0.0,g
3,347,0.0,g
3,348,0.0,g
3,349,0.0,g
3,350,0.0,g
3,351,0.0,g
3,352,0.0,g
3,353,0.0,g
3,354,0.0,g
3,355,0.01,g
3,356,0.0,g
3,357,0.0,g
3,358,0.0,g
3,359,0.0,g
3,360,0.0,g
3,361,0.0,g
3,362,0.0,g
3,363,0.0,g
3,364,0.0,g
3,365,0.0,g
3,366,0.0,g
3,367,0.0,g
3,368,0.0,g
3,369,0.0,g
3,370,0.0,g
3,371,0.0,g
3,372,0.0,g
3,373,0.0,g
3,374,0.0,g
3,375,0.0,g
3,376,0.0,g
3,377,0.0,g
3,378,0.0,g
3,379,0.0,g
3,380,0.0,g
3,381,0.0,g
3,382,0.0,g
3,383,0.0,g
3,384,0.0,g
3,385,0.02,g
3,386,0.0,g
3,387,0.0,g
3,388,0.0,g
3,389,0.0,g
3,390,0.0,g
3,391,0.0,g
3,392,0.0,g
3,393,0.0,g
3,394,0.0,g
3,395,0.0,g
3,396,0.0,g
3,397,0.0,g
3,398,0.0,g
3,399,0.0,g
3,400,0.0,g
3,401,0.0,g
3,402,0.0,g
3,403,0.0,g
3,404,0.0,g
3,405,0.0,g
3,406,0.0,g
3,407,0.0,g
3,408,0.0,g
3,409,0.0,g
3,410,0.0,g
3,411,0.01,g
3,412,0.0,g
3,413,0.0,g
3,414,0.0,g
3,415,0.0,g
3,416,0.0,g
3,417,0.0,g
3,418,0.0,g
3,419,0.0,g
3,420,0.0,g
3,421,0.0,g
3,422,0.24,g
3,423,0.01,g
3,424,0.0,g
3,425,0.0,g
3,426,0.0,g
3,427,0.0,g
3,428,0.0,g
3,429,0.0,g
3,430,0.0,g
3,431,0.0,g
3,432,0.0,g
3,433,0.0,g
3,434,0.0,g
3,435,0.0,g
3,436,0.0,g
3,437,0.0,g
3,438,0.25,g
3,439,0.0,g
3,440,0.0,g
3,441,0.0,g
3,442,0.0,g
3,443,0.0,g
3,444,0.0,g
3,445,0.0,g
3,446,0.63,r
3,447,0.0,g
3,448,0.0,g
3,449,0.0,g
3,450,0.0,g
3,451,0.0,g
3,452,0.0,g
3,453,0.01,g
3,454,0.0,g
3,455,0.0,g
3,456,0.0,g
3,457,0.0,g
3,458,0.0,g
3,459,0.0,g
3,460,0.0,g
3,461,0.0,g
3,462,0.0,g
3,463,0.0,g
3,464,0.0,g
3,465,0.0,g
3,466,0.0,g
3,467,0.0,g
3,468,0.0,g
3,469,0.0,g
3,470,0.0,g
3,471,0.0,g
3,472,0.0,g
3,473,0.0,g
3,474,0.0,g
3,475,0.0,g
3,476,0.0,g
3,477,0.0,g
3,478,0.0,g
3,479,0.0,g
3,480,0.0,g
3,481,0.0,g
3,482,0.0,g
3,483,0.0,g
3,484,0.0,g
3,485,0.0,g
3,486,0.0,g
3,487,0.0,g
3,488,0.0,g
3,489,0.0,g
3,490,0.0,g
3,491,0.0,g
3,492,0.0,g
3,493,0.0,g
3,494,0.0,g
3,495,0.37,r
3,496,0.0,g
3,497,0.0,g
3,498,0.0,g
3,499,0.0,g
3,500,0.0,g
3,501,0.0,g
3,502,0.0,g
3,503,0.0,g
3,504,0.0,g
3,505,0.0,g
3,506,0.01,g
3,507,0.0,g
3,508,0.0,g
3,509,0.0,g
3,510,0.0,g
3,511,0.0,g
3,512,0.0,g
3,513,0.0,g
3,514,0.0,g
3,515,0.0,g
3,516,0.0,g
3,517,0.0,g
3,518,0.0,g
3,519,0.0,g
3,520,0.0,g
3,521,0.0,g
3,522,0.0,g
3,523,0.0,g
3,524,0.0,g
3,525,0.61,r
3,526,0.0,g
3,527,0.0,g
3,528,0.0,g
3,529,0.0,g
3,530,0.0,g
3,531,0.0,g
3,532,0.0,g
3,533,0.0,g
3,534,0.0,g
3,535,0.0,g
3,536,0.0,g
3,537,0.0,g
3,538,0.0,g
3,539,0.0,g
3,540,0.0,g
3,541,0.0,g
3,542,0.0,g
3,543,0.0,g
3,544,0.0,g
3,545,0.0,g
3,546,0.0,g
3,547,0.0,g
3,548,0.01,g
3,549,0.0,g
3,550,0.0,g
3,551,0.0,g
3,552,0.0,g
3,553,0.0,g
3,554,0.0,g
3,555,0.02,g
3,556,0.0,g
3,557,0.0,g
3,558,0.0,g
3,559,0.0,g
3,560,0.0,g
3,561,0.0,g
3,562,0.0,g
3,563,0.0,g
3,564,0.0,g
3,565,0.0,g
3,566,0.0,g
3,567,0.0,g
3,568,0.0,g
3,569,0.0,g
3,570,0.0,g
3,571,0.0,g
3,572,0.0,g
3,573,0.0,g
3,574,0.0,g
3,575,0.0,g
3,576,0.0,g
3,577,0.0,g
3,578,0.51,r
3,579,0.46,r
3,580,0.0,g
3,581,0.0,g
3,582,0.0,g
3,583,0.0,g
3,584,0.0,g
3,585,0.0,g
3,586,0.0,g
3,587,0.0,g
3,588,0.0,g
3,589,0.0,g
3,590,0.0,g
3,591,0.0,g
3,592,0.0,g
3,593,0.0,g
3,594,0.0,g
3,595,0.0,g
3,596,0.0,g
3,597,0.0,g
3,598,0.1,g
3,599,0.0,g
3,600,0.0,g
3,601,0.0,g
3,602,0.0,g
3,603,0.0,g
3,604,0.0,g
3,605,0.0,g
3,606,0.0,g
3,607,0.0,g
3,608,0.0,g
3,609,0.0,g
3,610,0.0,g
3,611,0.02,g
3,612,0.0,g
3,613,0.0,g
3,614,0.0,g
3,615,0.0,g
3,616,0.0,g
3,617,0.0,g
3,618,0.0,g
3,619,0.0,g
3,620,0.0,g
3,621,0.0,g
3,622,0.0,g
3,623,0.0,g
3,624,0.0,g
3,625,0.0,g
3,626,0.3,g
3,627,0.0,g
3,628,0.0,g
3,629,0.0,g
3,630,0.0,g
3,631,0.0,g
3,632,0.0,g
3,633,0.0,g
3,634,0.0,g
3,635,0.0,g
3,636,0.0,g
3,637,0.0,g
3,638,0.0,g
3,639,0.0,g
3,640,0.0,g
3,641,0.0,g
3,642,0.0,g
3,643,0.0,g
3,644,0.0,g
3,645,0.38,g
3,646,0.0,g
3,647,0.0,g
3,648,0.0,g
3,649,0.0,g
3,650,0.04,g
3,651,0.0,g
3,652,0.0,g
3,653,0.0,g
3,654,0.0,g
3,655,0.0,g
3,656,0.0,g
3,657,0.0,g
3,658,0.0,g
3,659,0.0,g
3,660,0.0,g
3,661,0.0,g
3,662,0.04,g
3,663,0.0,g
3,664,0.0,g
3,665,0.0,g
3,666,0.0,g
3,667,0.0,g
3,668,0.0,g
3,669,0.0,g
3,670,0.0,g
3,671,0.0,g
3,672,0.25,g
3,673,0.0,g
3,674,0.0,g
3,675,0.0,g
3,676,0.0,g
3,677,0.0,g
3,678,0.5,g
3,679,0.0,g
3,680,0.0,g
3,681,0.0,g
3,682,0.64,r
3,683,0.0,g
3,684,0.0,g
3,685,0.0,g
3,686,0.0,g
3,687,0.0,g
3,688,0.0,g
3,689,0.07,g
3,690,0.0,g
3,691,0.0,g
3,692,0.0,g
3,693,0.0,g
3,694,0.0,g
3,695,0.0,g
3,696,0.0,g
3,697,0.0,g
3,698,0.0,g
3,699,0.0,g
3,700,0.0,g
3,701,0.0,g
3,702,0.0,g
3,703,0.0,g
3,704,0.0,g
3,705,0.0,g
3,706,0.0,g
3,707,0.0,g
3,708,0.0,g
3,709,0.0,g
3,710,0.0,g
3,711,0.0,g
3,712,0.0,g
3,713,0.0,g
3,714,0.0,g
3,715,0.0,g
3,716,0.0,g
3,717,0.0,g
3,718,0.0,g
3,719,0.0,g
3,720,0.0,g
3,721,0.7,r
3,722,0.0,g
3,723,0.0,g
3,724,0.0,g
3,725,0.0,g
3,726,0.0,g
3,727,0.0,g
3,728,0.47,g
3,729,0.0,g
3,730,0.0,g
3,731,0.0,g
3,732,0.0,g
3,733,0.0,g
3,734,0.0,g
3,735,0.0,g
3,736,0.0,g
3,737,0.0,g
3,738,0.0,g
3,739,0.0,g
3,740,0.0,g
3,741,0.0,g
3,742,0.0,g
3,743,0.0,g
3,744,0.0,g
3,745,0.0,g
3,746,0.0,g
3,747,0.52,r
3,748,0.0,g
3,749,0.0,g
3,750,0.0,g
3,751,0.0,g
3,752,0.0,g
3,753,0.0,g
3,754,0.0,g
3,755,0.0,g
3,756,0.0,g
3,757,0.0,g
3,758,0.0,g
3,759,0.0,g
3,760,0.0,g
3,761,0.0,g
3,762,0.0,g
3,763,0.06,g
3,764,0.0,g
3,765,0.0,g
3,766,0.0,g
3,767,0.0,g
3,768,0.0,g
3,769,0.05,g
3,770,0.0,g
3,771,0.0,g
3,772,0.0,g
3,773,0.0,g
3,774,0.0,g
3,775,0.0,g
3,776,0.0,g
3,777,0.0,g
3,778,0.0,g
3,779,0.0,g
3,780,0.0,g
3,781,0.0,g
3,782,0.0,g
3,783,0.0,g
3,784,0.0,g
3,785,0.0,g
3,786,0.0,g
3,787,0.0,g
3,788,0.0,g
3,789,0.0,g
3,790,0.0,g
3,791,0.0,g
3,792,0.0,g
3,793,0.0,g
3,794,0.0,g
3,795,0.0,g
3,796,0.0,g
3,797,0.0,g
3,798,0.0,g
3,799,0.0,g
3,800,0.0,g
3,801,0.0,g
3,802,0.0,g
3,803,0.0,g
3,804,0.0,g
3,805,0.0,g
3,806,0.0,g
3,807,0.0,g
3,808,0.0,g
3,809,0.0,g
3,810,0.0,g
3,811,0.0,g
3,812,0.0,g
3,813,0.0,g
3,814,0.0,g
3,815,0.0,g
3,816,0.0,g
3,817,0.0,g
3,818,0.0,g
3,819,0.0,g
3,820,0.0,g
3,821,0.0,g
3,822,0.0,g
3,823,0.0,g
3,824,0.0,g
3,825,0.0,g
3,826,0.0,g
4,0,0.0,g
4,1,0.05,g
4,2,0.01,g
4,3,0.0,g
4,4,0.0,g
4,5,0.0,g
4,6,0.0,g
4,7,0.0,g
4,8,0.0,g
4,9,0.0,g
4,10,0.0,g
4,11,0.0,g
4,12,0.0,g
4,13,0.0,g
4,14,0.0,g
4,15,0.17,g
4,16,0.0,g
4,17,0.0,g
4,18,0.01,g
4,19,0.0,g
4,20,0.0,g
4,21,0.0,g
4,22,0.0,g
4,23,0.05,g
4,24,0.0,g
4,25,0.0,g
4,26,0.0,g
4,27,0.04,g
4,28,0.01,g
4,29,0.0,g
4,30,0.0,g
4,31,0.0,g
4,32,0.06,g
4,33,0.0,g
4,34,0.0,g
4,35,0.0,g
4,36,0.0,g
4,37,0.0,g
4,38,0.0,g
4,39,0.0,g
4,40,0.01,g
4,41,0.0,g
4,42,0.0,g
4,43,0.0,g
4,44,0.0,g
4,45,0.0,g
4,46,0.0,g
4,47,0.0,g
4,48,0.0,g
4,49,0.0,g
4,50,0.0,g
4,51,0.0,g
4,52,0.0,g
4,53,0.0,g
4,54,0.0,g
4,55,0.0,g
4,56,0.0,g
4,57,0.0,g
4,58,0.0,g
4,59,0.0,g
4,60,0.0,g
4,61,0.0,g
4,62,0.0,g
4,63,0.0,g
4,64,0.05,g
4,65,0.0,g
4,66,0.0,g
4,67,0.0,g
4,68,0.0,g
4,69,0.0,g
4,70,0.0,g
4,71,0.0,g
4,72,0.0,g
4,73,0.0,g
4,74,0.0,g
4,75,0.01,g
4,76,0.0,g
4,77,0.0,g
4,78,0.0,g
4,79,0.0,g
4,80,0.0,g
4,81,0.0,g
4,82,0.0,g
4,83,0.0,g
4,84,0.0,g
4,85,0.0,g
4,86,0.0,g
4,87,0.0,g
4,88,0.0,g
4,89,0.0,g
4,90,0.0,g
4,91,0.02,g
4,92,0.0,g
4,93,0.0,g
4,94,0.0,g
4,95,0.0,g
4,96,0.02,g
4,97,0.0,g
4,98,0.0,g
4,99,0.01,g
4,100,0.0,g
4,101,0.0,g
4,102,0.0,g
4,103,0.0,g
4,104,0.0,g
4,105,0.0,g
4,106,0.0,g
4,107,0.0,g
4,108,0.0,g
4,109,0.0,g
4,110,0.0,g
4,111,0.0,g
4,112,0.01,g
4,113,0.0,g
4,114,0.0,g
4,115,0.0,g
4,116,0.0,g
4,117,0.0,g
4,118,0.0,g
4,119,0.0,g
4,120,0.94,r
4,121,0.0,g
4,122,0.0,g
4,123,0.0,g
4,124,0.0,g
4,125,0.0,g
4,126,0.0,g
4,127,0.0,g
4,128,0.0,g
4,129,0.0,g
4,130,0.0,g
4,131,0.0,g
4,132,0.0,g
4,133,0.0,g
4,134,0.0,g
4,135,0.0,g
4,136,0.0,g
4,137,0.0,g
4,138,0.0,g
4,139,0.0,g
4,140,0.0,g
4,141,0.0,g
4,142,0.0,g
4,143,0.0,g
4,144,0.0,g
4,145,0.0,g
4,146,0.0,g
4,147,0.0,g
4,148,0.01,g
4,149,0.0,g
4,150,0.0,g
4,151,0.0,g
4,152,0.0,g
4,153,0.0,g
4,154,0.0,g
4,155,0.0,g
4,156,0.0,g
4,157,0.0,g
4,158,0.0,g
4,159,0.0,g
4,160,0.0,g
4,161,0.0,g
4,162,0.0,g
4,163,0.0,g
4,164,0.0,g
4,165,0.0,g
4,166,0.0,g
4,167,0.0,g
4,168,0.0,g
4,169,0.0,g
4,170,0.21,r
4,171,0.0,g
4,172,0.0,g
4,173,0.0,g
4,174,0.0,g
4,175,0.0,g
4,176,0.0,g
4,177,0.0,g
4,178,0.0,g
4,179,0.0,g
4,180,0.0,g
4,181,0.0,g
4,182,0.0,g
4,183,0.0,g
4,184,0.0,g
4,185,0.0,g
4,186,0.0,g
4,187,0.0,g
4,188,0.0,g
4,189,0.0,g
4,190,0.01,g
4,191,0.0,g
4,192,0.0,g
4,193,0.0,g
4,194,0.0,g
4,195,0.0,g
4,196,0.0,g
4,197,0.0,g
4,198,0.0,g
4,199,0.0,g
4,200,0.0,g
4,201,0.0,g
4,202,0.0,g
4,203,0.0,g
4,204,0.0,g
4,205,0.0,g
4,206,0.0,g
4,207,0.0,g
4,208,0.0,g
4,209,0.0,g
4,210,0.0,g
4,211,0.0,g
4,212,0.0,g
4,213,0.0,g
4,214,0.0,g
4,215,0.0,g
4,216,0.0,g
4,217,0.0,g
4,218,0.0,g
4,219,0.0,g
4,220,0.0,g
4,221,0.0,g
4,222,0.0,g
4,223,0.0,g
4,224,0.0,g
4,225,0.0,g
4,226,0.0,g
4,227,0.0,g
4,228,0.0,g
4,229,0.0,g
4,230,0.0,g
4,231,0.0,g
4,232,0.0,g
4,233,0.0,g
4,234,0.0,g
4,235,0.0,g
4,236,0.0,g
4,237,0.0,g
4,238,0.0,g
4,239,0.0,g
4,240,0.0,g
4,241,0.0,g
4,242,0.0,g
4,243,0.0,g
4,244,0.0,g
4,245,0.0,g
4,246,0.0,g
4,247,0.0,g
4,248,0.0,g
4,249,0.01,g
4,250,0.0,g
4,251,0.03,g
4,252,0.0,g
4,253,0.23,g
4,254,0.0,g
4,255,0.0,g
4,256,0.0,g
4,257,0.0,g
4,258,0.0,g
4,259,0.92,r
4,260,0.0,g
4,261,0.0,g
4,262,0.0,g
4,263,0.0,g
4,264,0.0,g
4,265,0.0,g
4,266,0.0,g
4,267,0.0,g
4,268,0.0,g
4,269,0.0,g
4,270,0.0,g
4,271,0.0,g
4,272,0.0,g
4,273,0.0,g
4,274,0.01,g
4,275,0.0,g
4,276,0.0,g
4,277,0.0,g
4,278,0.0,g
4,279,0.0,g
4,280,0.0,g
4,281,0.0,g
4,282,0.0,g
4,283,0.0,g
4,284,0.0,g
4,285,0.0,g
4,286,0.0,g
4,287,0.01,g
4,288,0.0,g
4,289,0.0,g
4,290,0.0,g
4,291,0.0,g
4,292,0.0,g
4,293,0.0,g
4,294,0.0,g
4,295,0.0,g
4,296,0.0,g
4,297,0.0,g
4,298,0.0,g
4,299,0.0,g
4,300,0.0,g
4,301,0.0,g
4,302,0.0,g
4,303,0.0,g
4,304,0.0,g
4,305,0.0,g
4,306,0.0,g
4,307,0.0,g
4,308,0.0,g
4,309,0.0,g
4,310,0.0,g
4,311,0.0,g
4,312,0.0,g
4,313,0.08,g
4,314,0.0,g
4,315,0.0,g
4,316,0.0,g
4,317,0.0,g
4,318,0.0,g
4,319,0.0,g
4,320,0.0,g
4,321,0.0,g
4,322,0.0,g
4,323,0.0,g
4,324,0.0,g
4,325,0.0,g
4,326,0.0,g
4,327,0.0,g
4,328,0.0,g
4,329,0.0,g
4,330,0.0,g
4,331,0.0,g
4,332,0.0,g
4,333,0.0,g
4,334,0.0,g
4,335,0.0,g
4,336,0.0,g
4,337,0.0,g
4,338,0.0,g
4,339,0.0,g
4,340,0.0,g
4,341,0.05,g
4,342,0.02,g
4,343,0.0,g
4,344,0.0,g
4,345,0.01,g
4,346,0.0,g
4,347,0.0,g
4,348,0.78,r
4,349,0.0,g
4,350,0.0,g
4,351,0.0,g
4,352,0.0,g
4,353,0.0,g
4,354,0.0,g
4,355,0.03,r
4,356,0.08,g
4,357,0.0,g
4,358,0.0,g
4,359,0.0,g
4,360,0.0,g
4,361,0.0,g
4,362,0.0,g
4,363,0.0,g
4,364,0.0,g
4,365,0.0,g
4,366,0.0,g
4,367,0.0,g
4,368,0.28,r
4,369,0.0,g
4,370,0.0,g
4,371,0.0,g
4,372,0.0,g
4,373,0.0,g
4,374,0.0,g
4,375,0.0,g
4,376,0.0,g
4,377,0.0,g
4,378,0.0,g
4,379,0.01,g
4,380,0.0,g
4,381,0.0,g
4,382,0.01,g
4,383,0.0,g
4,384,0.0,g
4,385,0.0,g
4,386,0.0,g
4,387,0.0,g
4,388,0.0,g
4,389,0.0,g
4,390,0.0,g
4,391,0.0,g
4,392,0.0,g
4,393,0.0,g
4,394,0.0,g
4,395,0.01,g
4,396,0.0,g
4,397,0.0,g
4,398,0.0,g
4,399,0.0,g
4,400,0.0,g
4,401,0.0,g
4,402,0.0,g
4,403,0.0,g
4,404,0.0,g
4,405,0.0,g
4,406,0.0,g
4,407,0.0,g
4,408,0.79,r
4,409,0.0,g
4,410,0.08,g
4,411,0.0,g
4,412,0.0,g
4,413,0.0,g
4,414,0.0,g
4,415,0.82,r
4,416,0.0,g
4,417,0.0,g
4,418,0.0,g
4,419,0.0,g
4,420,0.0,g
4,421,0.0,g
4,422,0.0,g
4,423,0.0,g
4,424,0.0,g
4,425,0.0,g
4,426,0.0,g
4,427,0.0,g
4,428,0.0,g
4,429,0.0,g
4,430,0.0,g
4,431,0.0,g
4,432,0.0,g
4,433,0.0,g
4,434,0.0,g
4,435,0.0,g
4,436,0.0,g
4,437,0.0,g
4,438,0.0,g
4,439,0.0,g
4,440,0.0,g
4,441,0.0,g
4,442,0.0,g
4,443,0.0,g
4,444,0.0,g
4,445,0.0,g
4,446,0.0,g
4,447,0.0,g
4,448,0.0,g
4,449,0.0,g
4,450,0.0,g
4,451,0.0,g
4,452,0.0,g
4,453,0.02,g
4,454,0.0,g
4,455,0.0,g
4,456,0.0,g
4,457,0.0,g
4,458,0.0,g
4,459,0.0,g
4,460,0.0,g
4,461,0.0,g
4,462,0.0,g
4,463,0.01,g
4,464,0.0,g
4,465,0.0,g
4,466,0.0,g
4,467,0.0,g
4,468,0.0,g
4,469,0.01,g
4,470,0.0,g
4,471,0.0,g
4,472,0.0,g
4,473,0.0,g
4,474,0.0,g
4,475,0.0,g
4,476,0.0,g
4,477,0.0,g
4,478,0.0,g
4,479,0.0,g
4,480,0.0,g
4,481,0.02,g
4,482,0.0,g
4,483,0.0,g
4,484,0.0,g
4,485,0.81,r
4,486,0.0,g
4,487,0.0,g
4,488,0.0,g
4,489,0.0,g
4,490,0.0,g
4,491,0.0,g
4,492,0.0,g
4,493,0.0,g
4,494,0.0,g
4,495,0.0,g
4,496,0.0,g
4,497,0.0,g
4,498,0.0,g
4,499,0.0,g
4,500,0.0,g
4,501,0.65,r
4,502,0.13,g
4,503,0.0,g
4,504,0.0,g
4,505,0.22,g
4,506,0.0,g
4,507,0.0,g
4,508,0.0,g
4,509,0.0,g
4,510,0.0,g
4,511,0.0,g
4,512,0.0,g
4,513,0.0,g
4,514,0.0,g
4,515,0.0,g
4,516,0.0,g
4,517,0.0,g
4,518,0.0,g
4,519,0.0,g
4,520,0.0,g
4,521,0.0,g
4,522,0.0,g
4,523,0.0,g
4,524,0.0,g
4,525,0.0,g
4,526,0.0,g
4,527,0.0,g
4,528,0.0,g
4,529,0.0,g
4,530,0.0,g
4,531,0.0,g
4,532,0.0,g
4,533,0.0,g
4,534,0.0,g
4,535,0.0,g
4,536,0.0,g
4,537,0.0,g
4,538,0.0,g
4,539,0.0,g
4,540,0.0,g
4,541,0.01,g
4,542,0.0,g
4,543,0.0,g
4,544,0.0,g
4,545,0.0,g
4,546,0.0,g
4,547,0.0,g
4,548,0.25,r
4,549,0.0,g
4,550,0.0,g
4,551,0.0,g
4,552,0.0,g
4,553,0.0,g
4,554,0.0,g
4,555,0.27,g
4,556,0.0,g
4,557,0.0,g
4,558,0.0,g
4,559,0.0,g
4,560,0.0,g
4,561,0.0,g
4,562,0.0,g
4,563,0.02,g
4,564,0.92,r
4,565,0.0,g
4,566,0.0,g
4,567,0.0,g
4,568,0.0,g
4,569,0.0,g
4,570,0.0,g
4,571,0.0,g
4,572,0.76,r
4,573,0.0,g
4,574,0.01,g
4,575,0.0,g
4,576,0.0,g
4,577,0.0,g
4,578,0.0,g
4,579,0.0,g
4,580,0.0,g
4,581,0.0,g
4,582,0.0,g
4,583,0.0,g
4,584,0.0,g
4,585,0.0,g
4,586,0.0,g
4,587,0.0,g
4,588,0.0,g
4,589,0.0,g
4,590,0.0,g
4,591,0.0,g
4,592,0.0,g
4,593,0.0,g
4,594,0.0,g
4,595,0.0,g
4,596,0.0,g
4,597,0.0,g
4,598,0.0,g
4,599,0.0,g
4,600,0.0,g
4,601,0.0,g
4,602,0.0,g
4,603,0.0,g
4,604,0.0,g
4,605,0.0,g
4,606,0.0,g
4,607,0.0,g
4,608,0.0,g
4,609,0.0,g
4,610,0.0,g
4,611,0.03,g
4,612,0.0,g
4,613,0.0,g
4,614,0.0,g
4,615,0.0,g
4,616,0.0,g
4,617,0.0,g
4,618,0.0,g
4,619,0.0,g
4,620,0.0,g
4,621,0.0,g
4,622,0.0,g
4,623,0.0,g
4,624,0.0,g
4,625,0.0,g
4,626,0.01,g
4,627,0.0,g
4,628,0.0,g
4,629,0.01,g
4,630,0.0,g
4,631,0.0,g
4,632,0.01,g
4,633,0.0,g
4,634,0.0,g
4,635,0.0,g
4,636,0.0,g
4,637,0.0,g
4,638,0.0,g
4,639,0.0,g
4,640,0.0,g
4,641,0.0,g
4,642,0.0,g
4,643,0.0,g
4,644,0.0,g
4,645,0.06,g
4,646,0.48,g
4,647,0.0,g
4,648,0.0,g
4,649,0.0,g
4,650,0.02,g
4,651,0.0,g
4,652,0.0,g
4,653,0.0,g
4,654,0.0,g
4,655,0.0,g
4,656,0.0,g
4,657,0.0,g
4,658,0.0,g
4,659,0.02,g
4,660,0.0,g
4,661,0.0,g
4,662,0.03,g
4,663,0.0,g
4,664,0.0,g
4,665,0.0,g
4,666,0.0,g
4,667,0.0,g
4,668,0.0,g
4,669,0.0,g
4,670,0.0,g
4,671,0.0,g
4,672,0.0,g
4,673,0.0,g
4,674,0.0,g
4,675,0.0,g
4,676,0.0,g
4,677,0.0,g
4,678,0.0,g
4,679,0.0,g
4,680,0.0,g
4,681,0.0,g
4,682,0.0,g
4,683,0.0,g
4,684,0.0,g
4,685,0.0,g
4,686,0.0,g
4,687,0.0,g
4,688,0.0,g
4,689,0.0,g
4,690,0.0,g
4,691,0.0,g
4,692,0.0,g
4,693,0.0,g
4,694,0.0,g
4,695,0.0,g
4,696,0.0,g
4,697,0.0,g
4,698,0.0,g
4,699,0.0,g
4,700,0.0,g
4,701,0.0,g
4,702,0.0,g
4,703,0.0,g
4,704,0.0,g
4,705,0.0,g
4,706,0.0,g
4,707,0.0,g
4,708,0.0,g
4,709,0.0,g
4,710,0.0,g
4,711,0.0,g
4,712,0.04,g
4,713,0.0,g
4,714,0.0,g
4,715,0.0,g
4,716,0.0,g
4,717,0.0,g
4,718,0.0,g
4,719,0.0,g
4,720,0.0,g
4,721,0.0,g
4,722,0.0,g
4,723,0.0,g
4,724,0.0,g
4,725,0.0,g
4,726,0.0,g
4,727,0.0,g
4,728,0.0,g
4,729,0.0,g
4,730,0.0,g
4,731,0.0,g
4,732,0.0,g
4,733,0.0,g
4,734,0.0,g
4,735,0.0,g
4,736,0.0,g
4,737,0.0,g
4,738,0.0,g
4,739,0.0,g
4,740,0.0,g
4,741,0.0,g
4,742,0.0,g
4,743,0.0,g
4,744,0.0,g
4,745,0.0,g
4,746,0.0,g
4,747,0.0,g
4,748,0.0,g
4,749,0.0,g
4,750,0.0,g
4,751,0.0,g
4,752,0.0,g
4,753,0.0,g
4,754,0.0,g
4,755,0.0,g
4,756,0.0,g
4,757,0.04,g
4,758,0.0,g
4,759,0.0,g
4,760,0.0,g
4,761,0.0,g
4,762,0.0,g
4,763,0.0,g
4,764,0.0,g
4,765,0.0,g
4,766,0.0,g
4,767,0.0,g
4,768,0.0,g
4,769,0.0,g
4,770,0.0,g
4,771,0.0,g
4,772,0.0,g
4,773,0.0,g
4,774,0.0,g
4,775,0.0,g
4,776,0.0,g
4,777,0.0,g
4,778,0.0,g
4,779,0.0,g
4,780,0.0,g
4,781,0.0,g
4,782,0.0,g
4,783,0.0,g
4,784,0.0,g
4,785,0.0,g
4,786,0.0,g
4,787,0.0,g
4,788,0.0,g
4,789,0.0,g
4,790,0.12,g
4,791,0.0,g
4,792,0.0,g
4,793,0.0,g
4,794,0.0,g
4,795,0.0,g
4,796,0.0,g
4,797,0.0,g
4,798,0.0,g
4,799,0.0,g
4,800,0.0,g
4,801,0.0,g
4,802,0.0,g
4,803,0.0,g
4,804,0.0,g
4,805,0.0,g
4,806,0.0,g
4,807,0.0,g
4,808,0.0,g
4,809,0.0,g
4,810,0.0,g
4,811,0.0,g
4,812,0.0,g
4,813,0.0,g
4,814,0.0,g
4,815,0.0,g
4,816,0.0,g
4,817,0.0,g
4,818,0.0,g
4,819,0.0,g
4,820,0.0,g
4,821,0.0,g
4,822,0.0,g
4,823,0.0,g
4,824,0.0,g
4,825,0.0,g
4,826,0.0,g
5,0,0.0,g
5,1,0.0,g
5,2,0.0,g
5,3,0.0,g
5,4,0.0,g
5,5,0.0,g
5,6,0.0,g
5,7,0.0,g
5,8,0.0,g
5,9,0.0,g
5,10,0.0,g
5,11,0.0,g
5,12,0.0,g
5,13,0.0,g
5,14,0.0,g
5,15,0.0,g
5,16,0.0,g
5,17,0.0,g
5,18,0.0,g
5,19,0.0,g
5,20,0.0,g
5,21,0.0,g
5,22,0.0,g
5,23,0.38,r
5,24,0.0,g
5,25,0.0,g
5,26,0.0,g
5,27,0.0,g
5,28,0.0,g
5,29,0.0,g
5,30,0.0,g
5,31,0.0,g
5,32,0.0,g
5,33,0.61,r
5,34,0.0,g
5,35,0.0,g
5,36,0.0,g
5,37,0.0,g
5,38,0.0,g
5,39,0.0,g
5,40,0.0,g
5,41,0.0,g
5,42,0.1,g
5,43,0.0,g
5,44,0.0,g
5,45,0.0,g
5,46,0.0,g
5,47,0.0,g
5,48,0.0,g
5,49,0.0,g
5,50,0.0,g
5,51,0.0,g
5,52,0.0,g
5,53,0.0,g
5,54,0.0,g
5,55,0.0,g
5,56,0.0,g
5,57,0.0,g
5,58,0.0,g
5,59,0.0,g
5,60,0.0,g
5,61,0.0,g
5,62,0.0,g
5,63,0.0,g
5,64,0.0,g
5,65,0.0,g
5,66,0.0,g
5,67,0.0,g
5,68,0.0,g
5,69,0.61,r
5,70,0.0,g
5,71,0.0,g
5,72,0.0,g
5,73,0.02,g
5,74,0.04,g
5,75,0.0,g
5,76,0.0,g
5,77,0.0,g
5,78,0.0,g
5,79,0.0,g
5,80,0.0,g
5,81,0.0,g
5,82,0.0,g
5,83,0.0,g
5,84,0.0,g
5,85,0.0,g
5,86,0.0,g
5,87,0.0,g
5,88,0.0,g
5,89,0.0,g
5,90,0.0,g
5,91,0.0,g
5,92,0.0,g
5,93,0.0,g
5,94,0.0,g
5,95,0.0,g
5,96,0.0,g
5,97,0.0,g
5,98,0.0,g
5,99,0.0,g
5,100,0.0,g
5,101,0.0,g
5,102,0.0,g
5,103,0.0,g
5,104,0.0,g
5,105,0.0,g
5,106,0.0,g
5,107,0.0,g
5,108,0.78,r
5,109,0.0,g
5,110,0.0,g
5,111,0.0,g
5,112,0.0,g
5,113,0.0,g
5,114,0.0,g
5,115,0.0,g
5,116,0.0,g
5,117,0.0,g
5,118,0.0,g
5,119,0.0,g
5,120,0.0,g
5,121,0.69,g
5,122,0.0,g
5,123,0.0,g
5,124,0.0,g
5,125,0.0,g
5,126,0.64,r
5,127,0.0,g
5,128,0.34,r
5,129,0.0,g
5,130,0.0,g
5,131,0.0,g
5,132,0.0,g
5,133,0.0,g
5,134,0.0,g
5,135,0.0,g
5,136,0.0,g
5,137,0.73,r
5,138,0.0,g
5,139,0.0,g
5,140,0.0,g
5,141,0.0,g
5,142,0.0,g
5,143,0.0,g
5,144,0.0,g
5,145,0.0,g
5,146,0.0,g
5,147,0.0,g
5,148,0.62,r
5,149,0.0,g
5,150,0.0,g
5,151,0.0,g
5,152,0.0,g
5,153,0.0,g
5,154,0.0,g
5,155,0.0,g
5,156,0.0,g
5,157,0.0,g
5,158,0.0,g
5,159,0.0,g
5,160,0.0,g
5,161,0.0,g
5,162,0.0,g
5,163,0.0,g
5,164,0.0,g
5,165,0.0,g
5,166,0.74,r
5,167,0.0,g
5,168,0.0,g
5,169,0.0,g
5,170,0.0,g
5,171,0.02,g
5,172,0.0,g
5,173,0.0,g
5,174,0.0,g
5,175,0.0,g
5,176,0.0,g
5,177,0.0,g
5,178,0.71,r
5,179,0.0,g
5,180,0.0,g
5,181,0.0,g
5,182,0.0,g
5,183,0.0,g
5,184,0.77,r
5,185,0.0,g
5,186,0.0,g
5,187,0.0,g
5,188,0.0,g
5,189,0.0,g
5,190,0.09,g
5,191,0.0,g
5,192,0.0,g
5,193,0.0,g
5,194,0.0,g
5,195,0.77,r
5,196,0.0,g
5,197,0.0,g
5,198,0.0,g
5,199,0.0,g
5,200,0.0,g
5,201,0.0,g
5,202,0.0,g
5,203,0.0,g
5,204,0.0,g
5,205,0.0,g
5,206,0.0,g
5,207,0.0,g
5,208,0.05,g
5,209,0.0,g
5,210,0.0,g
5,211,0.0,g
5,212,0.0,g
5,213,0.0,g
5,214,0.0,g
5,215,0.0,g
5,216,0.0,g
5,217,0.0,g
5,218,0.0,g
5,219,0.0,g
5,220,0.0,g
5,221,0.0,g
5,222,0.0,g
5,223,0.0,g
5,224,0.0,g
5,225,0.0,g
5,226,0.0,g
5,227,0.0,g
5,228,0.0,g
5,229,0.0,g
5,230,0.0,g
5,231,0.0,g
5,232,0.0,g
5,233,0.0,g
5,234,0.0,g
5,235,0.0,g
5,236,0.0,g
5,237,0.0,g
5,238,0.0,g
5,239,0.0,g
5,240,0.0,g
5,241,0.0,g
5,242,0.0,g
5,243,0.0,g
5,244,0.0,g
5,245,0.0,g
5,246,0.0,g
5,247,0.69,r
5,248,0.0,g
5,249,0.0,g
5,250,0.0,g
5,251,0.05,g
5,252,0.0,g
5,253,0.0,g
5,254,0.0,g
5,255,0.0,g
5,256,0.0,g
5,257,0.0,g
5,258,0.0,g
5,259,0.0,g
5,260,0.0,g
5,261,0.0,g
5,262,0.0,g
5,263,0.0,g
5,264,0.0,g
5,265,0.0,g
5,266,0.0,g
5,267,0.0,g
5,268,0.0,g
5,269,0.0,g
5,270,0.0,g
5,271,0.0,g
5,272,0.0,g
5,273,0.0,g
5,274,0.01,g
5,275,0.0,g
5,276,0.0,g
5,277,0.0,g
5,278,0.0,g
5,279,0.0,g
5,280,0.0,g
5,281,0.0,g
5,282,0.0,g
5,283,0.0,g
5,284,0.0,g
5,285,0.0,g
5,286,0.0,g
5,287,0.01,g
5,288,0.0,g
5,289,0.0,g
5,290,0.0,g
5,291,0.0,g
5,292,0.0,g
5,293,0.0,g
5,294,0.0,g
5,295,0.0,g
5,296,0.0,g
5,297,0.0,g
5,298,0.0,g
5,299,0.0,g
5,300,0.0,g
5,301,0.0,g
5,302,0.0,g
5,303,0.0,g
5,304,0.0,g
5,305,0.0,g
5,306,0.0,g
5,307,0.0,g
5,308,0.0,g
5,309,0.78,r
5,310,0.0,g
5,311,0.0,g
5,312,0.0,g
5,313,0.0,g
5,314,0.0,g
5,315,0.0,g
5,316,0.0,g
5,317,0.0,g
5,318,0.0,g
5,319,0.0,g
5,320,0.0,g
5,321,0.0,g
5,322,0.0,g
5,323,0.01,g
5,324,0.0,g
5,325,0.0,g
5,326,0.0,g
5,327,0.0,g
5,328,0.0,g
5,329,0.0,g
5,330,0.0,g
5,331,0.0,g
5,332,0.0,g
5,333,0.0,g
5,334,0.0,g
5,335,0.0,g
5,336,0.0,g
5,337,0.0,g
5,338,0.0,g
5,339,0.0,g
5,340,0.0,g
5,341,0.0,g
5,342,0.0,g
5,343,0.0,g
5,344,0.0,g
5,345,0.0,g
5,346,0.0,g
5,347,0.0,g
5,348,0.0,g
5,349,0.0,g
5,350,0.0,g
5,351,0.0,g
5,352,0.0,g
5,353,0.0,g
5,354,0.0,g
5,355,0.0,g
5,356,0.0,g
5,357,0.0,g
5,358,0.0,g
5,359,0.0,g
5,360,0.0,g
5,361,0.0,g
5,362,0.0,g
5,363,0.0,g
5,364,0.0,g
5,365,0.0,g
5,366,0.0,g
5,367,0.0,g
5,368,0.0,g
5,369,0.0,g
5,370,0.0,g
5,371,0.0,g
5,372,0.0,g
5,373,0.0,g
5,374,0.0,g
5,375,0.0,g
5,376,0.73,r
5,377,0.0,g
5,378,0.0,g
5,379,0.0,g
5,380,0.0,g
5,381,0.0,g
5,382,0.0,g
5,383,0.0,g
5,384,0.0,g
5,385,0.0,g
5,386,0.0,g
5,387,0.0,g
5,388,0.0,g
5,389,0.0,g
5,390,0.0,g
5,391,0.0,g
5,392,0.0,g
5,393,0.0,g
5,394,0.0,g
5,395,0.0,g
5,396,0.0,g
5,397,0.67,r
5,398,0.0,g
5,399,0.0,g
5,400,0.0,g
5,401,0.0,g
5,402,0.0,g
5,403,0.0,g
5,404,0.0,g
5,405,0.0,g
5,406,0.0,g
5,407,0.0,g
5,408,0.0,g
5,409,0.0,g
5,410,0.0,g
5,411,0.0,g
5,412,0.0,g
5,413,0.0,g
5,414,0.0,g
5,415,0.0,g
5,416,0.0,g
5,417,0.76,r
5,418,0.0,g
5,419,0.0,g
5,420,0.0,g
5,421,0.0,g
5,422,0.0,g
5,423,0.0,g
5,424,0.0,g
5,425,0.0,g
5,426,0.0,g
5,427,0.0,g
5,428,0.0,g
5,429,0.0,g
5,430,0.0,g
5,431,0.0,g
5,432,0.0,g
5,433,0.0,g
5,434,0.0,g
5,435,0.0,g
5,436,0.0,g
5,437,0.0,g
5,438,0.0,g
5,439,0.42,r
5,440,0.0,g
5,441,0.0,g
5,442,0.0,g
5,443,0.0,g
5,444,0.0,g
5,445,0.0,g
5,446,0.0,g
5,447,0.01,g
5,448,0.0,g
5,449,0.0,g
5,450,0.0,g
5,451,0.0,g
5,452,0.0,g
5,453,0.04,g
5,454,0.0,g
5,455,0.0,g
5,456,0.0,g
5,457,0.0,g
5,458,0.59,r
5,459,0.0,g
5,460,0.0,g
5,461,0.0,g
5,462,0.0,g
5,463,0.0,g
5,464,0.0,g
5,465,0.0,g
5,466,0.0,g
5,467,0.0,g
5,468,0.0,g
5,469,0.48,r
5,470,0.0,g
5,471,0.0,g
5,472,0.0,g
5,473,0.0,g
5,474,0.0,g
5,475,0.0,g
5,476,0.0,g
5,477,0.0,g
5,478,0.0,g
5,479,0.0,g
5,480,0.0,g
5,481,0.72,r
5,482,0.0,g
5,483,0.0,g
5,484,0.0,g
5,485,0.0,g
5,486,0.0,g
5,487,0.0,g
5,488,0.0,g
5,489,0.0,g
5,490,0.0,g
5,491,0.0,g
5,492,0.73,r
5,493,0.0,g
5,494,0.0,g
5,495,0.0,g
5,496,0.0,g
5,497,0.0,g
5,498,0.0,g
5,499,0.0,g
5,500,0.0,g
5,501,0.0,g
5,502,0.0,g
5,503,0.73,r
5,504,0.0,g
5,505,0.0,g
5,506,0.02,g
5,507,0.0,g
5,508,0.0,g
5,509,0.0,g
5,510,0.0,g
5,511,0.0,g
5,512,0.0,g
5,513,0.0,g
5,514,0.0,g
5,515,0.0,g
5,516,0.0,g
5,517,0.0,g
5,518,0.0,g
5,519,0.0,g
5,520,0.0,g
5,521,0.0,g
5,522,0.05,r
5,523,0.0,g
5,524,0.0,g
5,525,0.0,g
5,526,0.0,g
5,527,0.0,g
5,528,0.0,g
5,529,0.0,g
5,530,0.0,g
5,531,0.0,g
5,532,0.0,g
5,533,0.0,g
5,534,0.0,g
5,535,0.0,g
5,536,0.0,g
5,537,0.0,g
5,538,0.0,g
5,539,0.0,g
5,540,0.0,g
5,541,0.0,g
5,542,0.0,g
5,543,0.76,r
5,544,0.0,g
5,545,0.21,r
5,546,0.0,g
5,547,0.0,g
5,548,0.0,g
5,549,0.0,g
5,550,0.0,g
5,551,0.0,g
5,552,0.0,g
5,553,0.0,g
5,554,0.0,g
5,555,0.0,g
5,556,0.0,g
5,557,0.0,g
5,558,0.0,g
5,559,0.0,g
5,560,0.0,g
5,561,0.0,g
5,562,0.0,g
5,563,0.54,r
5,564,0.0,g
5,565,0.0,g
5,566,0.0,g
5,567,0.0,g
5,568,0.0,g
5,569,0.0,g
5,570,0.0,g
5,571,0.0,g
5,572,0.0,g
5,573,0.0,g
5,574,0.0,g
5,575,0.0,g
5,576,0.0,g
5,577,0.0,g
5,578,0.0,g
5,579,0.0,g
5,580,0.0,g
5,581,0.54,r
5,582,0.0,g
5,583,0.0,g
5,584,0.0,g
5,585,0.0,g
5,586,0.0,g
5,587,0.0,g
5,588,0.0,g
5,589,0.0,g
5,590,0.0,g
5,591,0.0,g
5,592,0.0,g
5,593,0.0,g
5,594,0.0,g
5,595,0.0,g
5,596,0.0,g
5,597,0.05,g
5,598,0.0,g
5,599,0.0,g
5,600,0.0,g
5,601,0.0,g
5,602,0.0,g
5,603,0.0,g
5,604,0.0,g
5,605,0.0,g
5,606,0.0,g
5,607,0.0,g
5,608,0.0,g
5,609,0.0,g
5,610,0.0,g
5,611,0.01,g
5,612,0.0,g
5,613,0.38,r
5,614,0.0,g
5,615,0.0,g
5,616,0.0,g
5,617,0.0,g
5,618,0.0,g
5,619,0.0,g
5,620,0.0,g
5,621,0.0,g
5,622,0.0,g
5,623,0.0,g
5,624,0.0,g
5,625,0.0,g
5,626,0.0,g
5,627,0.0,g
5,628,0.0,g
5,629,0.44,r
5,630,0.0,g
5,631,0.0,g
5,632,0.0,g
5,633,0.0,g
5,634,0.0,g
5,635,0.0,g
5,636,0.0,g
5,637,0.0,g
5,638,0.0,g
5,639,0.0,g
5,640,0.0,g
5,641,0.0,g
5,642,0.0,g
5,643,0.0,g
5,644,0.0,g
5,645,0.0,g
5,646,0.65,g
5,647,0.0,g
5,648,0.0,g
5,649,0.0,g
5,650,0.0,g
5,651,0.0,g
5,652,0.0,g
5,653,0.0,g
5,654,0.0,g
5,655,0.0,g
5,656,0.0,g
5,657,0.0,g
5,658,0.0,g
5,659,0.75,r
5,660,0.0,g
5,661,0.0,g
5,662,0.0,g
5,663,0.0,g
5,664,0.0,g
5,665,0.0,g
5,666,0.0,g
5,667,0.0,g
5,668,0.0,g
5,669,0.0,g
5,670,0.0,g
5,671,0.0,g
5,672,0.0,g
5,673,0.0,g
5,674,0.0,g
5,675,0.0,g
5,676,0.0,g
5,677,0.0,g
5,678,0.0,g
5,679,0.0,g
5,680,0.0,g
5,681,0.3,g
5,682,0.0,g
5,683,0.0,g
5,684,0.0,g
5,685,0.0,g
5,686,0.0,g
5,687,0.82,r
5,688,0.0,g
5,689,0.0,g
5,690,0.0,g
5,691,0.0,g
5,692,0.0,g
5,693,0.0,g
5,694,0.0,g
5,695,0.0,g
5,696,0.0,g
5,697,0.0,g
5,698,0.0,g
5,699,0.0,g
5,700,0.0,g
5,701,0.0,g
5,702,0.0,g
5,703,0.0,g
5,704,0.0,g
5,705,0.0,g
5,706,0.0,g
5,707,0.02,g
5,708,0.0,g
5,709,0.0,g
5,710,0.0,g
5,711,0.0,g
5,712,0.0,g
5,713,0.0,g
5,714,0.0,g
5,715,0.0,g
5,716,0.0,g
5,717,0.0,g
5,718,0.57,r
5,719,0.0,g
5,720,0.0,g
5,721,0.0,g
5,722,0.0,g
5,723,0.49,r
5,724,0.08,g
5,725,0.0,g
5,726,0.0,g
5,727,0.0,g
5,728,0.0,g
5,729,0.0,g
5,730,0.76,r
5,731,0.0,g
5,732,0.0,g
5,733,0.0,g
5,734,0.0,g
5,735,0.0,g
5,736,0.0,g
5,737,0.0,g
5,738,0.0,g
5,739,0.0,g
5,740,0.0,g
5,741,0.0,g
5,742,0.0,g
5,743,0.0,g
5,744,0.0,g
5,745,0.0,g
5,746,0.0,g
5,747,0.0,g
5,748,0.0,g
5,749,0.0,g
5,750,0.0,g
5,751,0.0,g
5,752,0.0,g
5,753,0.0,g
5,754,0.0,g
5,755,0.0,g
5,756,0.0,g
5,757,0.0,g
5,758,0.0,g
5,759,0.01,g
5,760,0.0,g
5,761,0.01,g
5,762,0.0,g
5,763,0.0,g
5,764,0.0,g
5,765,0.0,g
5,766,0.0,g
5,767,0.78,r
5,768,0.0,g
5,769,0.0,g
5,770,0.0,g
5,771,0.0,g
5,772,0.0,g
5,773,0.0,g
5,774,0.0,g
5,775,0.0,g
5,776,0.0,g
5,777,0.0,g
5,778,0.0,g
5,779,0.0,g
5,780,0.0,g
5,781,0.0,g
5,782,0.0,g
5,783,0.0,g
5,784,0.0,g
5,785,0.0,g
5,786,0.0,g
5,787,0.0,g
5,788,0.0,g
5,789,0.7,r
5,790,0.0,g
5,791,0.0,g
5,792,0.0,g
5,793,0.0,g
5,794,0.0,g
5,795,0.0,g
5,796,0.0,g
5,797,0.0,g
5,798,0.0,g
5,799,0.0,g
5,800,0.0,g
5,801,0.0,g
5,802,0.0,g
5,803,0.0,g
5,804,0.0,g
5,805,0.0,g
5,806,0.0,g
5,807,0.0,g
5,808,0.0,g
5,809,0.0,g
5,810,0.0,g
5,811,0.0,g
5,812,0.0,g
5,813,0.0,g
5,814,0.0,g
5,815,0.0,g
5,816,0.0,g
5,817,0.0,g
5,818,0.0,g
5,819,0.0,g
5,820,0.0,g
5,821,0.0,g
5,822,0.0,g
5,823,0.0,g
5,824,0.0,g
5,825,0.0,g
5,826,0.0,g
